Ticker,Company,Annual_Return_%,Volatility_%
MMM,3M Company,5.828538692272267,23.511142331434492
AOS,A. O. Smith Corporation,10.556319903845,32.60866920456898
ABT,Abbott Laboratories,12.853287700061289,25.406932828884223
ABBV,AbbVie Inc.,14.396024034215294,26.469811839079792
ACN,Accenture plc,14.356074470992164,29.673970244262044
ADBE,Adobe Inc.,22.07561515781087,48.36867295812656
AMD,"Advanced Micro Devices, Inc.",8.51864774903579,59.08304533009927
AES,The AES Corporation,4.112943834747607,48.027035128906505
AFL,Aflac Incorporated,16.27905727001968,35.98188747084629
A,"Agilent Technologies, Inc.",5.950548380343834,41.27181887841785
APD,"Air Products and Chemicals, Inc.",10.031740976575021,28.089563380382987
ABNB,"Airbnb, Inc.",-2.276424494853746,48.99758510608601
AKAM,"Akamai Technologies, Inc.",-1.6479383150647564,62.95019146526665
ALB,Albemarle Corporation,8.352392578909583,38.563639455794856
ARE,"Alexandria Real Estate Equities, Inc.",5.733886662345955,29.869019014632965
ALGN,"Align Technology, Inc.",11.042112746713006,59.98143324172071
ALLE,Allegion plc,9.352542248716578,25.843887639277778
LNT,Alliant Energy Corporation,4.873395491607857,20.657083768962544
ALL,The Allstate Corporation,8.491132728980034,30.13892383029047
GOOGL,Alphabet Inc.,23.70980791578996,30.589715085411562
GOOG,Alphabet Inc.,23.78452107568354,30.601666682871624
MO,"Altria Group, Inc.",9.386170790672743,27.789930911034748
AMZN,"Amazon.com, Inc.",32.252707884254605,55.951522230885274
AMCR,Amcor plc,1.5409068364747425,24.62673653351417
AEE,Ameren Corporation,2.7746647324152773,21.651791870388536
AEP,"American Electric Power Company, Inc.",2.021570698947639,21.368905733720332
AXP,American Express Company,8.70409792126592,34.75402429973911
AIG,"American International Group, Inc.",2.0936871461842976,42.64677172101459
AMT,American Tower Corporation,9.144669268745087,45.52802998458631
AWK,"American Water Works Company, Inc.",11.36943979984082,23.195181228707362
AMP,"Ameriprise Financial, Inc.",14.80090824785667,40.357929708591314
AME,"AMETEK, Inc.",12.075616854496607,28.547647628359336
AMGN,Amgen Inc.,17.293578488327842,37.80953390834063
APH,Amphenol Corporation,20.481207737107688,35.47603817398425
ADI,"Analog Devices, Inc.",13.512650904086021,43.45160436296369
ANSS,"ANSYS, Inc.",18.05297738702334,41.30539477340599
AON,Aon plc,11.600650831956871,27.559572429028222
APA,APA Corporation,4.115753649103127,43.50308209070006
APO,"Apollo Global Management, Inc.",17.46068091400632,35.81892490060245
AAPL,Apple Inc.,18.786000663505,44.11198323505655
AMAT,"Applied Materials, Inc.",18.087767411328404,47.99887341599454
APTV,Aptiv PLC,9.682561864551609,36.70111375757822
ACGL,Arch Capital Group Ltd.,13.31323827658968,29.17747089744755
ADM,Archer-Daniels-Midland Company,7.64387024138411,30.988352418528347
ANET,Arista Networks Inc,38.98310376833154,43.563152699875005
AJG,Arthur J. Gallagher & Co.,13.238654892557555,25.177313157426685
AIZ,"Assurant, Inc.",10.840009792747551,31.75849652306469
T,AT&T Inc.,4.381624382821747,24.88744280854693
ATO,Atmos Energy Corporation,8.153393558316036,23.050804012981754
ADSK,"Autodesk, Inc.",17.551795381921288,45.56671389113854
ADP,"Automatic Data Processing, Inc.",14.032051663375334,26.090192360246817
AZO,"AutoZone, Inc.",19.715230289834572,29.928668478038155
AVB,"AvalonBay Communities, Inc.",7.941243565164435,28.156729021178624
AVY,Avery Dennison Corporation,7.172952845993774,30.74019739190104
AXON,"Axon Enterprise, Inc.",35.68224852598259,60.32685769154389
BKR,Baker Hughes Company,2.109083538925227,41.526762865764276
BALL,Ball Corporation,10.72432132535508,29.511542341882336
BAC,Bank of America Corporation,4.435884268789847,37.69643057634495
BAX,Baxter International Inc.,4.754025766676895,28.027516538511165
BDX,"Becton, Dickinson and Company",9.288450751739896,25.749485984658914
BRK-B,Berkshire Hathaway Inc.,10.925072992152106,22.352349191110434
BBY,"Best Buy Co., Inc.",17.032607197741022,50.30656717458577
TECH,Bio-Techne Corporation,19.834760439606857,40.12043845151206
BIIB,Biogen Inc.,12.337376519596187,56.698315296983495
BLK,"BlackRock, Inc.",18.505284579436008,33.815249135597995
BX,Blackstone Inc.,9.501596857406414,44.97520097730766
BK,The Bank of New York Mellon Corporation,7.937708860202375,32.04031624969903
BA,The Boeing Company,9.906132187756,34.30448918584308
BKNG,Booking Holdings Inc.,9.368885040264852,60.90104602581709
BSX,Boston Scientific Corporation,9.775495671310797,38.001463419014506
BMY,Bristol-Myers Squibb Company,6.684848285459655,26.354290201306995
AVGO,Broadcom Inc.,38.1850889846133,36.720657988272585
BR,"Broadridge Financial Solutions, Inc.",14.567845614310638,26.345520180411334
BRO,"Brown & Brown, Inc.",15.575416478286442,30.641990942317644
BF-B,Brown-Forman Corporation,10.432264477741837,24.836486469800505
BLDR,"Builders FirstSource, Inc.",11.900953529767854,67.62869225938698
BG,Bunge Global SA,6.935146888967059,33.57355516994298
BXP,"BXP, Inc.",3.7732454890248235,32.11246848760188
CHRW,"C.H. Robinson Worldwide, Inc.",11.252783419002089,32.29491521681654
CDNS,"Cadence Design Systems, Inc.",14.290783343605785,46.691901045596985
CZR,"Caesars Entertainment, Inc.",21.74117178756085,59.059364034816056
CPT,Camden Property Trust,5.245411701678959,28.38167680821565
CPB,The Campbell's Company,5.955685462787752,24.604749014194464
COF,Capital One Financial Corporation,12.349112125267636,45.87458801507134
CAH,"Cardinal Health, Inc.",11.341764454937797,30.608692396496107
KMX,"CarMax, Inc.",7.624481464172561,49.31866122807927
CCL,Carnival Corporation & plc,5.06663878830822,43.136298743333754
CARR,Carrier Global Corporation,43.81588137516543,37.98225268916186
CAT,Caterpillar Inc.,8.830701154771381,29.976446141100187
CBOE,"Cboe Global Markets, Inc.",14.173458946401961,24.74570599290347
CBRE,"CBRE Group, Inc.",16.043474305687045,52.36951654443119
CDW,CDW Corporation,21.532771642065505,28.120265279653335
COR,"Cencora, Inc.",15.679631036762775,31.830627133195016
CNC,Centene Corporation,17.620075412490554,40.95962786084393
CNP,"CenterPoint Energy, Inc.",1.9225073385314317,28.15801220164652
CF,"CF Industries Holdings, Inc.",18.285310034676105,45.04373990226374
CRL,"Charles River Laboratories International, Inc.",9.033978684873922,34.44348889437824
SCHW,The Charles Schwab Corporation,15.338285730272606,44.52145614343894
CHTR,"Charter Communications, Inc.",16.457206945585835,29.92888057672065
CVX,Chevron Corporation,7.1151837310475585,26.571559486911568
CMG,"Chipotle Mexican Grill, Inc.",25.001927316161797,38.42768882519396
CB,Chubb Limited,11.165601966322036,31.09602165210409
CHD,"Church & Dwight Co., Inc.",15.375473945695939,25.995300481223538
CI,The Cigna Group,9.445140107428163,32.13917435285058
CINF,Cincinnati Financial Corporation,11.0196577511805,26.712964959535668
CTAS,Cintas Corporation,17.43830470415828,30.0208373972896
CSCO,"Cisco Systems, Inc.",20.981186574356837,39.38421184348738
C,Citigroup Inc.,3.103649717778456,39.892771987916056
CFG,"Citizens Financial Group, Inc.",6.381961269794889,37.50736444875881
CLX,The Clorox Company,6.722133579712497,28.872856693932782
CME,CME Group Inc.,16.105601583876528,33.41114998813421
CMS,CMS Energy Corporation,1.600322259023912,28.417244441055683
KO,The Coca-Cola Company,8.09809232962262,23.383395205504595
CTSH,Cognizant Technology Solutions Corporation,24.946360135849122,46.945706143941266
COIN,"Coinbase Global, Inc.",-6.522550068693289,89.41865859786573
CL,Colgate-Palmolive Company,7.6646784155699255,25.454527047789593
CMCSA,Comcast Corporation,14.204507024732083,35.25181778230447
CAG,"Conagra Brands, Inc.",9.430712778557382,26.52086013788015
COP,ConocoPhillips,7.070462944424971,32.86170254607663
ED,"Consolidated Edison, Inc.",4.805042284112315,20.97823000674664
STZ,"Constellation Brands, Inc.",16.328587701341313,32.76190910269263
CEG,Constellation Energy Corporation,77.13319528926728,43.761196263127474
COO,"The Cooper Companies, Inc.",6.020261840404917,54.62930837057406
CPRT,"Copart, Inc.",21.295571611116948,37.70411202523158
GLW,Corning Incorporated,7.4423443644169085,40.77244663158762
CPAY,"Corpay, Inc.",19.628678510809138,30.48494997549899
CTVA,"Corteva, Inc.",12.65879887372221,34.35469142311219
CSGP,"CoStar Group, Inc.",17.879069260738923,44.04978494730033
COST,Costco Wholesale Corporation,12.198819999630995,31.331075761843756
CTRA,Coterra Energy Inc.,8.593752705591928,39.253282971624614
CRWD,"CrowdStrike Holdings, Inc.",38.17888716895148,57.76259852186579
CCI,Crown Castle Inc.,7.603783002964093,46.727155822969465
CSX,CSX Corporation,10.500406063897149,30.509392091788555
CMI,Cummins Inc.,8.432669240712132,34.50996648677441
CVS,CVS Health Corporation,6.565260618679014,30.906172225874613
DHR,Danaher Corporation,19.02379430868859,34.41084917662658
DRI,"Darden Restaurants, Inc.",12.418463985567008,35.622843170805275
DVA,DaVita Inc.,13.154010496157875,40.80630294812221
DAY,Dayforce Inc,13.44494645547103,44.7974172868503
DECK,Deckers Outdoor Corporation,17.850893987327755,61.14146785698122
DE,Deere & Company,10.115256712451792,31.5966699813926
DELL,Dell Technologies Inc.,30.887565430862107,39.487391495873304
DAL,"Delta Air Lines, Inc.",6.276648749081026,51.215294324746786
DVN,Devon Energy Corporation,4.503937108132705,45.41583031667309
DXCM,"DexCom, Inc.",18.103566687128158,55.280862369132024
FANG,"Diamondback Energy, Inc.",19.919343145952585,48.09639052341338
DLR,"Digital Realty Trust, Inc.",14.249072342395097,32.94752479092496
DG,Dollar General Corporation,8.275816031424332,28.316723136397957
DLTR,"Dollar Tree, Inc.",14.96564915103824,41.3844515280904
D,"Dominion Energy, Inc.",6.531742386566819,21.555262235394483
DPZ,"Domino's Pizza, Inc.",18.29993172112363,36.37738946302291
DASH,"DoorDash, Inc.",-2.698573514727498,60.67284179575489
DOV,Dover Corporation,11.41462495365011,28.06164369037
DOW,Dow Inc.,-3.953299514060271,35.75782861422637
DHI,"D.R. Horton, Inc.",14.59271439808365,46.436240115457025
DTE,DTE Energy Company,3.423185793585626,21.133179258706882
DUK,Duke Energy Corporation,6.495641309059708,21.631357749121882
DD,"DuPont de Nemours, Inc.",4.562175381300415,31.052294456091467
EMN,Eastman Chemical Company,4.578231805403243,31.050363546873307
ETN,Eaton Corporation plc,9.946261401361745,27.870728668223833
EBAY,eBay Inc.,17.847003979783914,49.498605230029455
ECL,Ecolab Inc.,9.152534286345038,26.82406963450798
EIX,Edison International,5.050646999087061,26.906393426183783
EW,Edwards Lifesciences Corporation,17.479449566306116,33.56075950331402
EA,Electronic Arts Inc.,17.368788035662753,46.724759878789364
ELV,"Elevance Health, Inc.",13.29679804785966,30.448545476087663
EMR,Emerson Electric Co.,6.994549484512147,26.41746623870661
ENPH,"Enphase Energy, Inc.",19.368745235337425,80.22715039740321
ETR,Entergy Corporation,3.8414749737958997,24.69562457171459
EOG,"EOG Resources, Inc.",11.627003054120987,38.730486673195074
EPAM,"EPAM Systems, Inc.",24.441610452495375,43.84001952879824
EQT,EQT Corporation,10.01381611355665,33.62178059556646
EFX,Equifax Inc.,13.848983953884119,30.548064522067715
EQIX,"Equinix, Inc.",3.3404190852724502,60.77397720564457
EQR,Equity Residential,5.243068184255639,30.41654545421309
ERIE,Erie Indemnity Company,11.70240013881061,30.9688172338002
ESS,"Essex Property Trust, Inc.",9.166677857919003,27.143935462306995
EL,The Estée Lauder Companies Inc.,7.6699597057416025,31.633060148810543
EG,"Everest Group, Ltd.",10.457063238454701,29.33428717771383
EVRG,"Evergy, Inc.",3.033471316369951,22.00559522178013
ES,Eversource Energy,2.5534389211066877,23.601923075944008
EXC,Exelon Corporation,3.047461937414231,24.153950115490417
EXE,Expand Energy Corporation,22.774672867096445,35.86465738269548
EXPE,"Expedia Group, Inc.",7.224612855066104,45.28537803693125
EXPD,"Expeditors International of Washington, Inc.",17.43010331801569,35.2575497354492
EXR,Extra Space Storage Inc.,12.869965508763691,32.995954803297224
XOM,Exxon Mobil Corporation,7.544348285164881,23.881534784858967
FFIV,"F5, Inc.",14.777576209433473,59.43582177822139
FDS,FactSet Research Systems Inc.,17.87365575668325,34.140290578569434
FICO,Fair Isaac Corporation,21.502760654766305,48.6412108352344
FAST,Fastenal Company,20.72675927334837,35.77331534045288
FRT,Federal Realty Investment Trust,6.994063712282195,27.015650608313702
FDX,FedEx Corporation,12.94926755227861,33.81743271483346
FIS,"Fidelity National Information Services, Inc.",5.301690877998477,31.739902815354654
FITB,Fifth Third Bancorp,10.237258730952735,39.80409469374395
FSLR,"First Solar, Inc.",11.508689075603073,59.53947863896617
FE,FirstEnergy Corp.,1.6851215144493281,25.250441116910206
FI,"Fiserv, Inc.",18.864505139007946,32.915028473660264
F,Ford Motor Company,2.939945355465068,35.85531959568381
FTNT,"Fortinet, Inc.",30.7020423767834,41.28074152191404
FTV,Fortive Corporation,7.483967429222971,26.27952092516388
FOXA,Fox Corporation,4.4186310558257835,32.638136947358824
FOX,Fox Corporation,2.8264540241566216,31.612607973184886
BEN,"Franklin Resources, Inc.",14.984630355737515,57.10848987256727
FCX,Freeport-McMoRan Inc.,3.9301761688518733,50.400457301529
GRMN,Garmin Ltd.,13.431819431674352,37.268427192851895
IT,"Gartner, Inc.",17.419861895570342,41.47344406786161
GE,GE Aerospace,7.121147686200691,28.448816975782083
GEHC,GE HealthCare Technologies Inc.,14.134605674085886,29.546571555700613
GEV,GE Vernova Inc.,209.28113742915917,47.96711107997644
GEN,Gen Digital Inc.,10.791124744780166,48.97480747108782
GNRC,Generac Holdings Inc.,18.205025519003847,43.03268448186155
GD,General Dynamics Corporation,11.333190333459386,29.811684072700544
GIS,"General Mills, Inc.",9.55105722145493,21.450817405105813
GM,General Motors Company,3.2445183828507584,34.288364113606846
GPC,Genuine Parts Company,7.688354163030775,24.354094537058824
GILD,"Gilead Sciences, Inc.",16.319708565917068,47.029273335941106
GPN,Global Payments Inc.,15.18479418866374,33.03106793038083
GL,Globe Life Inc.,8.620102068787627,31.56306487190791
GDDY,GoDaddy Inc.,26.595442957956106,36.084612713448536
GS,"The Goldman Sachs Group, Inc.",8.520023430886848,36.24771286622288
HAL,Halliburton Company,3.722266985392042,40.0953771614434
HIG,"The Hartford Insurance Group, Inc.",5.227794311473466,50.109473920983426
HAS,"Hasbro, Inc.",15.027987576519376,35.01452160038777
HCA,"HCA Healthcare, Inc.",17.813546586135985,33.668899532700124
DOC,"Healthpeak Properties, Inc.",3.6455700650590117,29.165422388078333
HSIC,"Henry Schein, Inc.",9.857407293857756,33.3914042460094
HSY,The Hershey Company,12.556573939022941,24.55492563815891
HES,Hess Corporation,6.50489122832163,37.68073650396226
HPE,Hewlett Packard Enterprise Company,9.081657598630821,35.18199773486483
HLT,Hilton Worldwide Holdings Inc.,16.9204133229492,28.428590684439026
HOLX,"Hologic, Inc.",10.280935401826486,51.76681897024958
HD,"The Home Depot, Inc.",24.468455390071785,36.320294208420904
HON,Honeywell International Inc.,7.620764364670429,29.917965002661255
HRL,Hormel Foods Corporation,11.283542368782662,25.556789234864613
HST,"Host Hotels & Resorts, Inc.",3.821634386335515,40.14423104121168
HWM,Howmet Aerospace Inc.,24.10889723629033,40.9610765497898
HPQ,HP Inc.,8.523090312834114,36.32824055688345
HUBB,Hubbell Incorporated,9.389089467787137,124.51583520036642
HUM,Humana Inc.,7.886469381276129,39.957394623179674
HBAN,Huntington Bancshares Incorporated,5.010991172443591,41.58845136741671
HII,"Huntington Ingalls Industries, Inc.",12.43359180076018,27.629445002133508
IBM,International Business Machines Corporation,4.7200142557458635,25.75777303406551
IEX,IDEX Corporation,12.785323571908314,27.82129500216885
IDXX,"IDEXX Laboratories, Inc.",19.879283288962,39.61765361371195
ITW,Illinois Tool Works Inc.,11.058776962119277,27.579997027158598
INCY,Incyte Corporation,12.239016492878774,63.10517325056646
IR,Ingersoll Rand Inc.,21.011825568616516,34.32959471133491
PODD,Insulet Corporation,17.236600314238125,51.20630265116668
INTC,Intel Corporation,9.608280842054807,40.055152371572525
ICE,"Intercontinental Exchange, Inc.",16.65675004914384,38.88390229242881
IFF,International Flavors & Fragrances Inc.,5.016846594707025,27.59212120459791
IP,International Paper Company,3.3142250893352765,31.360988751183637
IPG,"The Interpublic Group of Companies, Inc.",8.29006810459354,34.418649747974584
INTU,Intuit Inc.,18.779418593546147,45.810335804307336
ISRG,"Intuitive Surgical, Inc.",25.43058481397442,48.72830181789038
IVZ,Invesco Ltd.,3.2691391324717545,43.51586761175195
INVH,Invitation Homes Inc.,6.050806536306275,26.21438205871748
IQV,IQVIA Holdings Inc.,14.191039320807297,28.03525674483455
IRM,Iron Mountain Incorporated,13.110218953640175,31.773032898935327
JBHT,"J.B. Hunt Transport Services, Inc.",12.1264248746084,37.5026345977946
JBL,Jabil Inc.,17.167657979347606,56.43531378179084
JKHY,"Jack Henry & Associates, Inc.",17.01682715306272,48.52648516542075
J,Jacobs Solutions Inc.,13.351168250596391,37.19152413262112
JNJ,Johnson & Johnson,9.056046505125392,22.65457008741585
JCI,Johnson Controls International plc,6.755298180291169,36.6818049070515
JPM,JPMorgan Chase & Co.,9.002953946098625,35.304773560629876
JNPR,"Juniper Networks, Inc.",3.258626521250352,52.70312868094482
K,Kellanova,7.728930215052143,24.578178748652128
KVUE,Kenvue Inc.,-13.419215317964195,26.33623783885712
KDP,Keurig Dr Pepper Inc.,1.3655273425264403,31.92854671219584
KEY,KeyCorp,2.805729414147562,40.38631285140923
KEYS,"Keysight Technologies, Inc.",18.62454534026576,30.555253346842548
KMB,Kimberly-Clark Corporation,9.23269381756886,22.580627861924395
KIM,Kimco Realty Corporation,5.122299317713708,33.85579030511286
KMI,"Kinder Morgan, Inc.",-0.9071248819844668,29.101078632981427
KKR,KKR & Co. Inc.,20.339405875132655,34.51878936787507
KLAC,KLA Corporation,15.325521623638094,51.09927155258062
KHC,The Kraft Heinz Company,-8.828063090494576,27.211215799941908
KR,The Kroger Co.,8.013750857510061,31.876280103732867
LHX,"L3Harris Technologies, Inc.",7.397212642279261,31.562720978943055
LH,Labcorp Holdings Inc.,6.614891134316037,39.103515389388264
LRCX,Lam Research Corporation,15.284655285067817,55.7236585691358
LW,"Lamb Weston Holdings, Inc.",9.814405207365118,34.58027494265771
LVS,Las Vegas Sands Corp.,0.4259522846520092,58.41594318460205
LDOS,"Leidos Holdings, Inc.",6.646766910386215,27.88681823197818
LEN,Lennar Corporation,11.125265870849233,45.502941683306744
LII,Lennox International Inc.,14.708711871741475,34.77499371036307
LLY,Eli Lilly and Company,10.507376884405506,27.184361131912695
LIN,Linde plc,12.953196397158617,27.868392010187282
LYV,"Live Nation Entertainment, Inc.",13.989533673280441,46.96296100381599
LKQ,LKQ Corporation,14.68558337200987,35.48974314121857
LMT,Lockheed Martin Corporation,13.846058669010253,30.350898945977434
L,Loews Corporation,11.393476070173891,26.721899045628277
LOW,"Lowe's Companies, Inc.",15.037545147525599,35.46859911856182
LULU,lululemon athletica inc.,20.926176364679794,49.00489741530994
LYB,LyondellBasell Industries N.V.,8.534778890605965,35.284838599649106
MTB,M&T Bank Corporation,13.978833386065714,28.24971874341169
MPC,Marathon Petroleum Corporation,15.816866014851305,39.634669577115034
MKTX,MarketAxess Holdings Inc.,13.522994538520173,44.563581818774644
MAR,"Marriott International, Inc.",11.089748822704394,34.25870007231632
MMC,"Marsh & McLennan Companies, Inc.",8.601761204280912,25.91065151521156
MLM,"Martin Marietta Materials, Inc.",10.387891537422234,32.45029854487346
MAS,Masco Corporation,7.904221125668864,34.341565789055124
MA,Mastercard Incorporated,29.012482133920024,32.910084384574624
MTCH,"Match Group, Inc.",15.693870994534386,50.01417180346388
MKC,"McCormick & Company, Incorporated",9.0132114616718,26.49737894311769
MCD,McDonald's Corporation,12.912721411384176,26.58813112904575
MCK,McKesson Corporation,12.476914946390005,31.811415687902795
MDT,Medtronic plc,11.066471936384726,31.480948970305416
MRK,"Merck & Co., Inc.",7.937620740143081,25.262751925092513
META,"Meta Platforms, Inc.",24.237676859221136,39.85613421111213
MET,"MetLife, Inc.",7.439348589830241,39.434797462379414
MTD,Mettler-Toledo International Inc.,17.63954958936107,31.346877027194857
MGM,MGM Resorts International,7.129840896701811,48.495314571679444
MCHP,Microchip Technology Incorporated,17.643733930515037,47.533957522144945
MU,"Micron Technology, Inc.",10.63395515507386,60.19412814581813
MSFT,Microsoft Corporation,24.114939673322276,33.42099146119407
MAA,"Mid-America Apartment Communities, Inc.",6.5330263336365935,27.68891921917466
MRNA,"Moderna, Inc.",13.166469202997465,72.59403178597901
MHK,"Mohawk Industries, Inc.",9.104363805656735,40.92196423600353
MOH,"Molina Healthcare, Inc.",15.390778608734458,41.5876244007464
TAP,Molson Coors Beverage Company,2.692111558553556,32.481652598117016
MDLZ,"Mondelez International, Inc.",2.776760116524124,22.280716422150153
MPWR,"Monolithic Power Systems, Inc.",22.713007192670887,46.58815993654809
MNST,Monster Beverage Corporation,18.016065978950934,77.52604554580607
MCO,Moody's Corporation,14.34026407054072,32.388925009212706
MS,Morgan Stanley,9.143468668973377,45.687537682912144
MOS,The Mosaic Company,2.012244590860579,42.82494568975111
MSI,"Motorola Solutions, Inc.",9.336017481562164,36.79461751621457
MSCI,MSCI Inc.,20.08486894456276,35.78979647549666
NDAQ,"Nasdaq, Inc.",12.94825193400644,37.524777376260936
NTAP,"NetApp, Inc.",16.758177463624623,56.95522842575752
NFLX,"Netflix, Inc.",34.04336574690008,55.45820868769753
NEM,Newmont Corporation,2.9037359812553065,39.61871662177841
NWSA,News Corporation,4.916344768394687,28.98475927359544
NWS,News Corporation,5.97625710223173,28.8571767050474
NEE,"NextEra Energy, Inc.",6.890784832914165,21.80827697502966
NKE,"NIKE, Inc.",14.658987558276104,34.1608582457589
NI,NiSource Inc.,3.99517750797469,23.241677319947037
NDSN,Nordson Corporation,11.698401005505543,33.93297212974659
NSC,Norfolk Southern Corporation,9.571618894605361,29.50084743744741
NTRS,Northern Trust Corporation,11.432800450777636,29.614392343877682
NOC,Northrop Grumman Corporation,9.953879329397619,27.383029145073863
NCLH,Norwegian Cruise Line Holdings Ltd.,0.3185033442693941,55.719800771593974
NRG,"NRG Energy, Inc.",11.312601081123352,37.532891896835466
NUE,Nucor Corporation,11.759242485870814,36.00256423238937
NVDA,NVIDIA Corporation,36.74490696137405,59.97555875986074
NVR,"NVR, Inc.",15.242191810794559,423.655623769589
NXPI,NXP Semiconductors N.V.,20.58721538540851,42.22780141757365
ORLY,"O'Reilly Automotive, Inc.",21.592450137921347,33.16516034867712
OXY,Occidental Petroleum Corporation,3.402522064131097,35.81640055131002
ODFL,"Old Dominion Freight Line, Inc.",18.87811585685677,48.65085979749269
OMC,Omnicom Group Inc.,9.405709015599918,28.583962717286198
ON,ON Semiconductor Corporation,4.021393590480682,60.65716034665719
OKE,"ONEOK, Inc.",7.635839979060743,33.19282157269508
ORCL,Oracle Corporation,22.509282056040192,46.04958501091197
OTIS,Otis Worldwide Corporation,16.142347149092018,25.766522532558994
PCAR,PACCAR Inc,11.366662753811108,32.27905950227982
PKG,Packaging Corporation of America,12.479914386021939,31.676130854139494
PLTR,Palantir Technologies Inc.,63.722836685075656,71.68822531537572
PANW,"Palo Alto Networks, Inc.",27.615463899313152,39.34383101394191
PARA,Paramount Global,-4.853046597352495,45.26724885391457
PH,Parker-Hannifin Corporation,11.315376684080158,31.906358268173218
PAYX,"Paychex, Inc.",17.0550942262198,33.958479824494205
PAYC,"Paycom Software, Inc.",27.34641763206376,46.572071400613105
PYPL,"PayPal Holdings, Inc.",9.311937691650174,38.034300952448255
PNR,Pentair plc,9.258182236901312,33.179468761569744
PEP,"PepsiCo, Inc.",9.040672651224835,24.23500981016769
PFE,Pfizer Inc.,6.838836405052362,27.491048797334955
PCG,PG&E Corporation,0.6760330570117157,35.31357662978461
PM,Philip Morris International Inc.,5.430633609400459,23.392216931964093
PSX,Phillips 66,9.82679180773216,33.411590858703235
PNW,Pinnacle West Capital Corporation,2.6026771378783176,27.132968101865266
PNC,"The PNC Financial Services Group, Inc.",9.137983350423973,31.15654309300588
POOL,Pool Corporation,22.41331611020163,35.85994632619316
PPG,"PPG Industries, Inc.",9.9701177594816,27.733331034951426
PPL,PPL Corporation,4.892721942157197,22.111187648618415
PFG,"Principal Financial Group, Inc.",5.77710927883579,43.546596916769936
PG,The Procter & Gamble Company,8.679000144209548,21.99957051872808
PGR,The Progressive Corporation,20.462731767128517,28.59578080298143
PLD,"Prologis, Inc.",5.765231596171927,36.328288797558265
PRU,"Prudential Financial, Inc.",6.236806944909512,42.49412073950476
PEG,Public Service Enterprise Group Incorporated,5.9111510280234425,22.56547284856766
PTC,PTC Inc.,14.06074488286222,51.74932141765212
PSA,Public Storage,7.138367154154879,27.67376381072617
PHM,"PulteGroup, Inc.",15.29509452119402,44.713445468056996
PWR,"Quanta Services, Inc.",14.971740553309964,49.99743963150612
QCOM,QUALCOMM Incorporated,18.522646817403764,48.50753625992957
DGX,Quest Diagnostics Incorporated,14.370073029610776,29.808503511895136
RL,Ralph Lauren Corporation,7.520258997754237,39.268948049096245
RJF,"Raymond James Financial, Inc.",14.34933253690367,37.54038886362742
RTX,RTX Corporation,9.47962673444911,27.845227668339945
O,Realty Income Corporation,6.554055546918391,28.003804959965755
REG,Regency Centers Corporation,4.38783025947691,31.15587416193284
REGN,"Regeneron Pharmaceuticals, Inc.",10.94247075130017,63.795036955688936
RF,Regions Financial Corporation,6.183117413678829,38.760878859178604
RSG,"Republic Services, Inc.",9.77337869089412,29.0613905413854
RMD,ResMed Inc.,21.800660820689146,40.72572229335293
RVTY,"Revvity, Inc.",9.685152379707617,36.4839177618801
ROK,"Rockwell Automation, Inc.",8.611974025785996,34.12686175564527
ROL,"Rollins, Inc.",13.006668659700527,29.822087824083948
ROP,"Roper Technologies, Inc.",18.34266590722904,33.89423457722209
ROST,"Ross Stores, Inc.",15.304059325832121,41.502965353362114
RCL,Royal Caribbean Cruises Ltd.,10.766946206095017,47.99506956325943
SPGI,S&P Global Inc.,13.197077134316505,29.620699611679115
CRM,"Salesforce, Inc.",23.659623597285908,41.94221174976438
SBAC,SBA Communications Corporation,13.043950143934758,57.34256022202858
SLB,Schlumberger Limited,2.342833589320814,36.05453264077278
STX,Seagate Technology Holdings plc,9.582965199742777,44.83480848472923
SRE,Sempra,7.071373007650861,24.849703114615558
NOW,"ServiceNow, Inc.",35.195329262832864,40.60284264552263
SHW,The Sherwin-Williams Company,17.137473543015403,29.032427657169222
SPG,"Simon Property Group, Inc.",7.0052695907072415,34.192946649649805
SWKS,"Skyworks Solutions, Inc.",6.883155650355399,63.39357604040875
SJM,The J. M. Smucker Company,5.209123708997243,24.897356942444755
SW,Smurfit Westrock Plc,36.33712650896022,36.93588020243159
SNA,Snap-on Incorporated,7.254460001828433,29.560938027609428
SOLV,Solventum Corporation,-5.860915259915456,31.340898992384886
SO,The Southern Company,7.506913633760215,20.367841411394338
LUV,Southwest Airlines Co.,12.013609417563242,37.08646752431141
SWK,"Stanley Black & Decker, Inc.",6.265148874114512,32.061157951310534
SBUX,Starbucks Corporation,18.786056777449446,37.59547753596962
STT,State Street Corporation,14.978708443594524,36.1977174276119
STLD,"Steel Dynamics, Inc.",12.04479626042878,47.47667742901751
STE,STERIS plc,15.16240408008709,38.690685435062136
SYK,Stryker Corporation,20.174742882726626,32.9024718717564
SMCI,"Super Micro Computer, Inc.",22.170957274452242,59.915234351550474
SYF,Synchrony Financial,10.494919703404658,37.6875773858112
SNPS,"Synopsys, Inc.",13.379138975311422,39.73049351683225
SYY,Sysco Corporation,12.688927367357294,30.79986693424796
TMUS,"T-Mobile US, Inc.",8.187523114211448,41.1522896627284
TROW,"T. Rowe Price Group, Inc.",13.634106170685856,37.33330666330977
TTWO,"Take-Two Interactive Software, Inc.",14.916410537858926,51.546326910377296
TPR,"Tapestry, Inc.",14.56961367414995,43.36080679263911
TRGP,Targa Resources Corp.,15.06520004251719,47.39944726779907
TGT,Target Corporation,11.740630214212299,32.33214769143909
TEL,TE Connectivity plc,7.703741898659278,31.302919718696824
TDY,Teledyne Technologies Incorporated,17.319813927249772,39.59805329207179
TER,"Teradyne, Inc.",9.382589000664488,50.53063596547892
TSLA,"Tesla, Inc.",46.80126274652814,57.37801394163383
TXN,Texas Instruments Incorporated,9.359782393848892,37.459487924239326
TPL,Texas Pacific Land Corporation,14.750625171728737,34.468721025505275
TXT,Textron Inc.,6.22397787933886,35.42799142071457
TMO,Thermo Fisher Scientific Inc.,13.134911162644425,31.775444576413797
TJX,"The TJX Companies, Inc.",14.546136920685203,35.04846177547808
TKO,"TKO Group Holdings, Inc.",7.134518835280024,40.94654935910456
TSCO,Tractor Supply Company,23.035205522829806,55.869454228224726
TT,Trane Technologies plc,12.094258337203145,31.85192124053392
TDG,TransDigm Group Incorporated,23.534050327671373,33.57486030716823
TRV,"The Travelers Companies, Inc.",6.980926374560381,27.354375658169584
TRMB,Trimble Inc.,11.36155866900328,50.302413861735296
TFC,Truist Financial Corporation,7.247886291865213,30.939936682853652
TYL,"Tyler Technologies, Inc.",13.288584076876187,51.18517092927423
TSN,"Tyson Foods, Inc.",7.77209861978625,36.95497726498264
USB,U.S. Bancorp,9.419687688767908,29.117201945817307
UBER,"Uber Technologies, Inc.",6.960931897174927,53.59016346676665
UDR,"UDR, Inc.",6.857374261825,27.21280039925461
ULTA,"Ulta Beauty, Inc.",16.886542562981212,46.02066802806264
UNP,Union Pacific Corporation,10.088917806728116,27.634851863897314
UAL,"United Airlines Holdings, Inc.",5.790447429232626,64.10962071926322
UPS,"United Parcel Service, Inc.",2.446791401951054,24.42148984198063
URI,"United Rentals, Inc.",15.312201035174567,51.319861559178506
UNH,UnitedHealth Group Incorporated,22.517062202524805,39.52260290474215
UHS,"Universal Health Services, Inc.",12.05435463340827,37.29217990451398
VLO,Valero Energy Corporation,7.420274366662749,42.29542534145339
VTR,"Ventas, Inc.",3.200849407865758,40.495726228894185
VLTO,Veralto Corporation,24.414437080456743,23.203979853003286
VRSN,"VeriSign, Inc.",13.764675641898293,53.94826742387111
VRSK,"Verisk Analytics, Inc.",16.419428641792667,21.987623209242912
VZ,Verizon Communications Inc.,4.000015090074771,23.789245793910503
VRTX,Vertex Pharmaceuticals Incorporated,14.35690417521056,55.611632931564735
VTRS,Viatris Inc.,4.913574786537156,45.17485067512194
VICI,VICI Properties Inc.,5.387483744646127,31.301482339768928
V,Visa Inc.,20.327223313219278,28.84104698714968
VST,Vistra Corp.,30.644942723211276,37.8621896312393
VMC,Vulcan Materials Company,11.051855033553437,28.06329845088668
WRB,W. R. Berkley Corporation,12.306402277074934,31.656886715432424
GWW,"W.W. Grainger, Inc.",11.082049827805985,27.303417498147926
WAB,Westinghouse Air Brake Technologies Corporation,11.580785413567284,36.769784670663135
WBA,"Walgreens Boots Alliance, Inc.",8.833255982728328,29.67549158901064
WMT,Walmart Inc.,17.28595214249036,29.21765627681178
DIS,The Walt Disney Company,9.694627544962353,31.536943804662375
WBD,"Warner Bros. Discovery, Inc.",1.530536886761702,40.1800414591096
WM,"Waste Management, Inc.",10.898518152494496,34.58543981349766
WAT,Waters Corporation,17.056548997409713,36.982461167035055
WEC,"WEC Energy Group, Inc.",8.741168107963325,19.42729545505363
WFC,Wells Fargo & Company,8.690881091494873,33.048856939908525
WELL,Welltower Inc.,6.823128913959287,27.095944300879626
WST,"West Pharmaceutical Services, Inc.",14.443260312178241,28.42887121380709
WDC,Western Digital Corporation,8.9805458340795,60.027250606286216
WY,Weyerhaeuser Company,0.7372166886614462,32.95163142493132
WSM,"Williams-Sonoma, Inc.",15.242516835689468,49.07174089178334
WMB,"The Williams Companies, Inc.",6.639203020821327,46.61829431227081
WTW,Willis Towers Watson Public Limited Company,8.694094835077347,26.20429539674064
WDAY,"Workday, Inc.",14.76958154297785,38.55137668020299
WYNN,"Wynn Resorts, Limited",8.877471897985313,49.591730275143895
XEL,Xcel Energy Inc.,4.399221379946128,22.352290588771414
XYL,Xylem Inc.,12.59376589795098,26.30852291464847
YUM,"Yum! Brands, Inc.",12.6039995262202,29.361761639439944
ZBRA,Zebra Technologies Corporation,14.60551815166169,41.16265134919247
ZBH,"Zimmer Biomet Holdings, Inc.",5.678080709565991,27.792354604596568
ZTS,Zoetis Inc.,14.905902490878841,25.401088598630533
