Date,SSO
2006-06-21,10000
2006-06-22,9893.69
2006-06-23,9892.31
2006-06-26,9949.65
2006-06-27,9773.43
2006-06-28,9860.14
2006-06-29,10278.32
2006-06-30,10272.73
2006-07-03,10412.59
2006-07-05,10274.13
2006-07-06,10306.29
2006-07-07,10187.41
2006-07-10,10205.59
2006-07-11,10292.78
2006-07-12,10089.51
2006-07-13,9784.62
2006-07-14,9696.5
2006-07-17,9686.71
2006-07-18,9701.82
2006-07-19,10034.97
2006-07-20,9917.48
2006-07-21,9760.83
2006-07-24,10069.93
2006-07-25,10197.2
2006-07-26,10216.78
2006-07-27,10118.88
2006-07-28,10349.64
2006-07-31,10321.68
2006-08-01,10229.37
2006-08-02,10307.69
2006-08-03,10359.44
2006-08-04,10356.64
2006-08-07,10299.29
2006-08-08,10215.38
2006-08-09,10137.06
2006-08-10,10226.57
2006-08-11,10152.45
2006-08-14,10186.74
2006-08-15,10437.76
2006-08-16,10612.59
2006-08-17,10655.94
2006-08-18,10699.3
2006-08-21,10648.95
2006-08-22,10657.34
2006-08-23,10570.63
2006-08-24,10609.79
2006-08-25,10629.37
2006-08-28,10720.27
2006-08-29,10770.63
2006-08-30,10769.23
2006-08-31,10760.84
2006-09-01,10869.41
2006-09-05,10889.51
2006-09-06,10699.02
2006-09-07,10591.61
2006-09-08,10667.13
2006-09-11,10664.34
2006-09-12,10872.74
2006-09-13,10979.02
2006-09-14,10925.87
2006-09-15,11019.54
2006-09-18,11018.18
2006-09-19,10946.85
2006-09-20,11079.72
2006-09-21,10959.44
2006-09-22,10899.3
2006-09-25,11102.1
2006-09-26,11248.03
2006-09-27,11275.52
2006-09-28,11311.89
2006-09-29,11265.73
2006-10-02,11172.04
2006-10-03,11212.59
2006-10-04,11488.11
2006-10-05,11530.07
2006-10-06,11496.5
2006-10-09,11507.69
2006-10-10,11542.66
2006-10-11,11496.5
2006-10-12,11702.1
2006-10-13,11756.64
2006-10-16,11793.01
2006-10-17,11734.27
2006-10-18,11731.47
2006-10-19,11752.45
2006-10-20,11769.23
2006-10-23,11878.32
2006-10-24,11931.47
2006-10-25,11998.6
2006-10-26,12102.1
2006-10-27,11942.66
2006-10-30,11927.27
2006-10-31,11888.11
2006-11-01,11746.85
2006-11-02,11737.06
2006-11-03,11664.34
2006-11-06,11948.25
2006-11-07,12011.19
2006-11-08,12089.51
2006-11-09,11951.05
2006-11-10,11972.03
2006-11-13,12020.98
2006-11-14,12191.61
2006-11-15,12278.32
2006-11-16,12331.47
2006-11-17,12328.67
2006-11-20,12321.68
2006-11-21,12359.44
2006-11-22,12412.59
2006-11-24,12313.29
2006-11-27,11986.01
2006-11-28,12055.94
2006-11-29,12276.92
2006-11-30,12286.71
2006-12-01,12230.77
2006-12-04,12426.57
2006-12-05,12527.27
2006-12-06,12490.91
2006-12-07,12400
2006-12-08,12432.17
2006-12-11,12497.9
2006-12-12,12481.12
2006-12-13,12531.47
2006-12-14,12699.3
2006-12-15,12752.45
2006-12-18,12671.33
2006-12-19,12739.86
2006-12-20,12693.3
2006-12-21,12617.39
2006-12-22,12437.85
2006-12-26,12602.8
2006-12-27,12779.42
2006-12-28,12728.33
2006-12-29,12596.96
2007-01-03,12509.38
2007-01-04,12579.44
2007-01-05,12367.79
2007-01-08,12465.59
2007-01-09,12453.91
2007-01-10,12509.38
2007-01-11,12659.72
2007-01-12,12808.61
2007-01-16,12789.56
2007-01-17,12783.8
2007-01-18,12677.24
2007-01-19,12753.14
2007-01-22,12615.93
2007-01-23,12704.97
2007-01-24,12903.49
2007-01-25,12643.67
2007-01-26,12611.55
2007-01-29,12573.6
2007-01-30,12706.43
2007-01-31,12864.08
2007-02-01,13014.42
2007-02-02,13058.36
2007-02-05,13040.7
2007-02-06,13040.7
2007-02-07,13085.95
2007-02-08,13059.67
2007-02-09,12904.95
2007-02-12,12796.93
2007-02-13,12991.07
2007-02-14,13188.12
2007-02-15,13188.12
2007-02-16,13185.21
2007-02-20,13247.97
2007-02-21,13223.16
2007-02-22,13199.8
2007-02-23,13128.28
2007-02-26,13094.71
2007-02-27,12043.74
2007-02-28,12286.03
2007-03-01,12243.72
2007-03-02,11896.32
2007-03-05,11661.31
2007-03-06,12064.18
2007-03-07,12011.63
2007-03-08,12159.06
2007-03-09,12226.2
2007-03-12,12275.83
2007-03-13,11775.16
2007-03-14,11953.24
2007-03-15,12008.7
2007-03-16,11906.53
2007-03-19,12198.47
2007-03-20,12340.06
2007-03-21,12747.3
2007-03-22,12741.47
2007-03-23,12744.38
2007-03-26,12734.17
2007-03-27,12643.66
2007-03-28,12457.74
2007-03-29,12479.7
2007-03-30,12508.98
2007-04-02,12538.26
2007-04-03,12785.65
2007-04-04,12801.76
2007-04-05,12883.73
2007-04-09,12920.33
2007-04-10,12933.51
2007-04-11,12788.58
2007-04-12,12955.47
2007-04-13,13049.15
2007-04-16,13295.09
2007-04-17,13358.04
2007-04-18,13366.82
2007-04-19,13375.6
2007-04-20,13602.51
2007-04-23,13535.17
2007-04-24,13541.02
2007-04-25,13775.25
2007-04-26,13819.16
2007-04-27,13772.32
2007-04-30,13580.55
2007-05-01,13614.22
2007-05-02,13779.64
2007-05-03,13904.07
2007-05-04,14002.15
2007-05-07,14010.93
2007-05-08,13994.83
2007-05-09,14087.06
2007-05-10,13767.93
2007-05-11,13983.12
2007-05-14,13931.88
2007-05-15,13893.82
2007-05-16,14116.33
2007-05-17,14081.2
2007-05-18,14293.47
2007-05-21,14272.97
2007-05-22,14297.86
2007-05-23,14281.75
2007-05-24,13980.19
2007-05-25,14089.98
2007-05-29,14198.31
2007-05-30,14432.53
2007-05-31,14417.9
2007-06-01,14530.62
2007-06-04,14532.08
2007-06-05,14416.43
2007-06-06,14095.84
2007-06-07,13618.61
2007-06-08,13921.64
2007-06-11,14002.15
2007-06-12,13658.13
2007-06-13,14082.66
2007-06-14,14236.37
2007-06-15,14395.94
2007-06-18,14360.8
2007-06-19,14423.75
2007-06-20,14199.78
2007-06-21,14195.38
2007-06-22,13933.35
2007-06-25,13792.81
2007-06-26,13544.39
2007-06-27,13921.73
2007-06-28,13890.89
2007-06-29,13874.74
2007-07-02,14149.3
2007-07-03,14221.24
2007-07-05,14187.48
2007-07-06,14337.23
2007-07-09,14341.64
2007-07-10,13905.58
2007-07-11,14141.96
2007-07-12,14617.67
2007-07-13,14705.76
2007-07-16,14680.8
2007-07-17,14652.9
2007-07-18,14611.79
2007-07-19,14701.35
2007-07-20,14387.15
2007-07-23,14494.33
2007-07-24,14011.29
2007-07-25,14050.93
2007-07-26,13382.89
2007-07-27,12896.9
2007-07-30,13243.41
2007-07-31,12898.37
2007-08-01,13071.62
2007-08-02,13253.68
2007-08-03,12509.29
2007-08-06,13001.15
2007-08-07,13243.41
2007-08-08,13617.8
2007-08-09,12838.17
2007-08-10,12656.11
2007-08-13,12782.38
2007-08-14,12358.06
2007-08-15,12051.21
2007-08-16,12178.94
2007-08-17,12691.35
2007-08-20,12648.77
2007-08-21,12697.22
2007-08-22,12971.78
2007-08-23,12946.82
2007-08-24,13243.41
2007-08-27,13015.83
2007-08-28,12476.99
2007-08-29,12923.33
2007-08-30,12854.33
2007-08-31,13040.79
2007-09-04,13378.48
2007-09-05,13081.9
2007-09-06,13212.87
2007-09-07,12816.15
2007-09-10,12730.99
2007-09-11,13081.9
2007-09-12,13140.63
2007-09-13,13281.58
2007-09-14,13302.13
2007-09-17,13131.82
2007-09-18,13905.59
2007-09-19,14090.57
2007-09-20,13904.11
2007-09-21,13948.15
2007-09-24,13918.79
2007-09-25,13873.86
2007-09-26,13976.9
2007-09-27,14146.18
2007-09-28,14054.92
2007-10-01,14402.32
2007-10-02,14364.04
2007-10-03,14262.47
2007-10-04,14308.11
2007-10-05,14652.56
2007-10-08,14500.94
2007-10-09,14736.47
2007-10-10,14674.63
2007-10-11,14565.71
2007-10-12,14704.08
2007-10-15,14475.92
2007-10-16,14303.69
2007-10-17,14330.19
2007-10-18,14244.81
2007-10-19,13439.61
2007-10-22,13630.97
2007-10-23,13770.82
2007-10-24,13792.9
2007-10-25,13847.36
2007-10-26,14171.21
2007-10-29,14231.56
2007-10-30,14032.84
2007-10-31,14350.79
2007-11-01,13664.83
2007-11-02,13697.21
2007-11-05,13458.75
2007-11-06,13856.19
2007-11-07,13121.65
2007-11-08,12950.9
2007-11-09,12624.11
2007-11-12,12409.19
2007-11-13,13115.76
2007-11-14,12972.98
2007-11-15,12643.24
2007-11-16,12647.66
2007-11-19,12276.71
2007-11-20,12418.02
2007-11-21,11949.92
2007-11-23,12306.15
2007-11-26,11835.1
2007-11-27,12117.73
2007-11-28,12811.05
2007-11-29,12855.21
2007-11-30,13130.48
2007-12-03,12902.32
2007-12-04,12718.32
2007-12-05,13114.29
2007-12-06,13480.83
2007-12-07,13513.21
2007-12-10,13678.08
2007-12-11,12953.84
2007-12-12,13182
2007-12-13,13177.59
2007-12-14,12794.86
2007-12-17,12387.11
2007-12-18,12544.62
2007-12-19,12563.75
2007-12-20,12679.93
2007-12-21,13096.5
2007-12-24,13304.01
2007-12-26,13296.33
2007-12-27,12950.47
2007-12-28,12916.65
2007-12-31,12727.58
2008-01-02,12461.65
2008-01-03,12457.04
2008-01-04,11866.78
2008-01-07,11836.04
2008-01-08,11428.69
2008-01-09,11685.4
2008-01-10,11866.78
2008-01-11,11645.43
2008-01-14,11849.87
2008-01-15,11291.89
2008-01-16,11142.78
2008-01-17,10524.85
2008-01-18,10309.65
2008-01-22,10086.76
2008-01-23,10601.71
2008-01-24,10760.03
2008-01-25,10417.25
2008-01-28,10798.46
2008-01-29,10869.17
2008-01-30,10732.36
2008-01-31,11090.52
2008-02-01,11448.67
2008-02-04,11170.45
2008-02-05,10575.57
2008-02-06,10383.43
2008-02-07,10540.22
2008-02-08,10375.75
2008-02-11,10483.35
2008-02-12,10713.92
2008-02-13,10915.28
2008-02-14,10667.8
2008-02-15,10712.38
2008-02-19,10806.15
2008-02-20,10818.44
2008-02-21,10629.38
2008-02-22,10790.78
2008-02-25,11052.09
2008-02-26,11182.75
2008-02-27,11164.3
2008-02-28,10927.58
2008-02-29,10489.49
2008-03-03,10377.28
2008-03-04,10335.78
2008-03-05,10466.44
2008-03-06,10020.66
2008-03-07,9836.21
2008-03-10,9550.3
2008-03-11,10266.61
2008-03-12,10077.54
2008-03-13,10114.43
2008-03-14,9796.24
2008-03-17,9581.04
2008-03-18,10374.21
2008-03-19,9839.28
2008-03-20,10206.66
2008-03-24,10643.21
2008-03-25,10642.43
2008-03-26,10369.75
2008-03-27,10306.58
2008-03-28,10107.85
2008-03-31,10167.93
2008-04-01,10868.9
2008-04-02,10933.6
2008-04-03,10989.07
2008-04-04,10952.09
2008-04-07,10938.23
2008-04-08,10925.9
2008-04-09,10754.9
2008-04-10,10807.28
2008-04-11,10386.69
2008-04-14,10291.18
2008-04-15,10385.15
2008-04-16,10908.95
2008-04-17,10919.74
2008-04-18,11178.56
2008-04-21,11197.05
2008-04-22,11083.04
2008-04-23,11044.53
2008-04-24,11132.34
2008-04-25,11328
2008-04-28,11337.24
2008-04-29,11235.56
2008-04-30,11118.48
2008-05-01,11565.25
2008-05-02,11623.79
2008-05-05,11543.68
2008-05-06,11717.77
2008-05-07,11292.56
2008-05-08,11257.13
2008-05-09,11197.05
2008-05-12,11472.81
2008-05-13,11478.97
2008-05-14,11539.06
2008-05-15,11799.42
2008-05-16,11827.15
2008-05-19,11862.58
2008-05-20,11676.17
2008-05-21,11277.16
2008-05-22,11277.16
2008-05-23,10998.31
2008-05-27,11133.88
2008-05-28,11264.83
2008-05-29,11360.35
2008-05-30,11380.38
2008-06-02,11140.04
2008-06-03,11061.47
2008-06-04,11019.88
2008-06-05,11472.81
2008-06-06,10744.11
2008-06-09,10810.36
2008-06-10,10673.24
2008-06-11,10368.21
2008-06-12,10445.24
2008-06-13,10704.06
2008-06-16,10721
2008-06-17,10599.29
2008-06-18,10365.12
2008-06-19,10415.96
2008-06-20,10066.25
2008-06-23,10033.9
2008-06-24,10012.94
2008-06-25,10108.77
2008-06-26,9533.78
2008-06-27,9445.67
2008-06-30,9527.59
2008-07-01,9567.78
2008-07-02,9221.55
2008-07-03,9246.28
2008-07-07,9053.07
2008-07-08,9382.3
2008-07-09,9008.24
2008-07-10,9128.81
2008-07-11,8906.23
2008-07-14,8713.02
2008-07-15,8479.62
2008-07-16,8980.42
2008-07-17,9060.8
2008-07-18,9176.72
2008-07-21,9221.55
2008-07-22,9413.21
2008-07-23,9496.68
2008-07-24,9070.07
2008-07-25,9104.08
2008-07-28,8813.49
2008-07-29,9199.91
2008-07-30,9535.32
2008-07-31,9284.92
2008-08-01,9187.54
2008-08-04,9025.25
2008-08-05,9488.95
2008-08-06,9561.6
2008-08-07,9288.01
2008-08-08,9638.88
2008-08-11,9822.82
2008-08-12,9614.15
2008-08-13,9526.05
2008-08-14,9649.7
2008-08-15,9736.26
2008-08-18,9470.4
2008-08-19,9278.74
2008-08-20,9357.57
2008-08-21,9393.12
2008-08-22,9623.43
2008-08-25,9247.82
2008-08-26,9314.29
2008-08-27,9481.22
2008-08-28,9709.98
2008-08-29,9493.59
2008-09-02,9396.21
2008-09-03,9374.57
2008-09-04,8813.49
2008-09-05,8872.22
2008-09-08,9227.73
2008-09-09,8655.83
2008-09-10,8736.2
2008-09-11,8985.06
2008-09-12,9068.53
2008-09-15,8199.85
2008-09-16,8508.99
2008-09-17,7728.42
2008-09-18,8238.49
2008-09-19,8810.4
2008-09-22,8385.33
2008-09-23,8014.37
2008-09-24,8050.37
2008-09-25,8315.35
2008-09-26,8338.6
2008-09-29,7159.32
2008-09-30,7593.22
2008-10-01,7652.11
2008-10-02,7057.05
2008-10-03,6833.9
2008-10-06,6206.3
2008-10-07,5601.94
2008-10-08,5354
2008-10-09,4602.42
2008-10-10,4493.95
2008-10-13,5501.21
2008-10-14,5425.28
2008-10-15,4497.05
2008-10-16,4791.48
2008-10-17,4788.38
2008-10-20,5209.88
2008-10-21,4912.35
2008-10-22,4421.11
2008-10-23,4425.76
2008-10-24,4106.54
2008-10-27,3832.25
2008-10-28,4679.9
2008-10-29,4565.23
2008-10-30,4779.08
2008-10-31,4965.04
2008-11-03,5033.22
2008-11-04,5307.51
2008-11-05,4813.17
2008-11-06,4354.48
2008-11-07,4586.93
2008-11-10,4394.77
2008-11-11,4259.95
2008-11-12,3849.3
2008-11-13,4354.48
2008-11-14,3940.73
2008-11-17,3788.86
2008-11-18,3816.76
2008-11-19,3437.1
2008-11-20,2945.86
2008-11-21,3286.78
2008-11-24,3664.89
2008-11-25,3776.47
2008-11-26,4030.61
2008-11-28,4122.03
2008-12-01,3409.2
2008-12-02,3649.4
2008-12-03,3847.75
2008-12-04,3629.25
2008-12-05,3886.49
2008-12-08,4160.78
2008-12-09,4007.36
2008-12-10,4084.69
2008-12-11,3874.09
2008-12-12,3914.38
2008-12-15,3824.5
2008-12-16,4203.86
2008-12-17,4128.23
2008-12-18,3974.82
2008-12-19,3946.93
2008-12-22,3820.17
2008-12-23,3754.63
2008-12-24,3790.36
2008-12-26,3832.3
2008-12-29,3819.88
2008-12-30,3973.67
2008-12-31,4080.85
2009-01-02,4332.51
2009-01-05,4327.85
2009-01-06,4397.75
2009-01-07,4146.1
2009-01-08,4174.06
2009-01-09,3987.65
2009-01-12,3807.45
2009-01-13,3810.56
2009-01-14,3572.88
2009-01-15,3580.65
2009-01-16,3627.25
2009-01-20,3246.66
2009-01-21,3523.17
2009-01-22,3420.65
2009-01-23,3450.01
2009-01-26,3484.34
2009-01-27,3560.45
2009-01-28,3801.24
2009-01-29,3568.22
2009-01-30,3408.22
2009-02-02,3400.45
2009-02-03,3493.66
2009-02-04,3461.04
2009-02-05,3551.13
2009-02-06,3753.08
2009-02-09,3768.61
2009-02-10,3423.75
2009-02-11,3475.02
2009-02-12,3481.23
2009-02-13,3392.68
2009-02-17,3102.19
2009-02-18,3083.55
2009-02-19,3022.97
2009-02-20,2956.17
2009-02-23,2749.57
2009-02-24,2957.73
2009-02-25,2904.91
2009-02-26,2816.52
2009-02-27,2689.29
2009-03-02,2446.65
2009-03-03,2396.94
2009-03-04,2515.15
2009-03-05,2313.05
2009-03-06,2308.39
2009-03-09,2258.68
2009-03-10,2533.64
2009-03-11,2558.49
2009-03-12,2763.55
2009-03-13,2808.6
2009-03-16,2797.72
2009-03-17,2965.49
2009-03-18,3089.77
2009-03-19,3016.76
2009-03-20,2892.33
2009-03-23,3305.69
2009-03-24,3188.81
2009-03-25,3232.53
2009-03-26,3376.2
2009-03-27,3251.43
2009-03-30,3026.71
2009-03-31,3081.06
2009-04-01,3199.74
2009-04-02,3382.45
2009-04-03,3454.28
2009-04-06,3404.31
2009-04-07,3243.46
2009-04-08,3315.3
2009-04-09,3576.09
2009-04-13,3593.26
2009-04-14,3463.65
2009-04-15,3533.92
2009-04-16,3643.24
2009-04-17,3679.15
2009-04-20,3369.95
2009-04-21,3504.25
2009-04-22,3463.65
2009-04-23,3526.12
2009-04-24,3635.43
2009-04-27,3565.16
2009-04-28,3541.73
2009-04-29,3693.21
2009-04-30,3707.26
2009-05-01,3743.18
2009-05-04,3993.02
2009-05-05,3958.68
2009-05-06,4092.98
2009-05-07,3996.16
2009-05-08,4174.18
2009-05-11,4018.02
2009-05-12,3980.54
2009-05-13,3799.4
2009-05-14,3852.49
2009-05-15,3786.9
2009-05-18,4010.21
2009-05-19,3994.6
2009-05-20,3944.63
2009-05-21,3824.38
2009-05-22,3811.89
2009-05-26,4013.34
2009-05-27,3864.98
2009-05-28,3971.17
2009-05-29,4122.65
2009-06-01,4310.04
2009-06-02,4328.78
2009-06-03,4208.38
2009-06-04,4286.62
2009-06-05,4291.3
2009-06-08,4256.95
2009-06-09,4289.74
2009-06-10,4275.69
2009-06-11,4313.17
2009-06-12,4341.28
2009-06-15,4128.9
2009-06-16,4027.39
2009-06-17,4007.09
2009-06-18,4066.43
2009-06-19,4096.1
2009-06-22,3850.93
2009-06-23,3864.98
2009-06-24,3920.52
2009-06-25,4096.02
2009-06-26,4077.22
2009-06-29,4154.22
2009-06-30,4096.02
2009-07-01,4116.39
2009-07-02,3895.45
2009-07-06,3897.02
2009-07-07,3741.89
2009-07-08,3737.19
2009-07-09,3760.69
2009-07-10,3730.92
2009-07-13,3917.39
2009-07-14,3962.83
2009-07-15,4185.34
2009-07-16,4260.55
2009-07-17,4266.82
2009-07-20,4351.43
2009-07-21,4395.31
2009-07-22,4393.74
2009-07-23,4584.91
2009-07-24,4635.05
2009-07-27,4658.56
2009-07-28,4631.92
2009-07-29,4586.63
2009-07-30,4682.06
2009-07-31,4688.33
2009-08-03,4848.16
2009-08-04,4876.36
2009-08-05,4849.88
2009-08-06,4801.15
2009-08-07,4920.24
2009-08-10,4896.73
2009-08-11,4773.1
2009-08-12,4877.93
2009-08-13,4956.44
2009-08-14,4885.77
2009-08-17,4631.92
2009-08-18,4718.1
2009-08-19,4799.74
2009-08-20,4899.87
2009-08-21,5076.93
2009-08-24,5089.47
2009-08-25,5103.57
2009-08-26,5105.14
2009-08-27,5133.34
2009-08-28,5114.54
2009-08-31,5034.94
2009-09-01,4810.55
2009-09-02,4774.51
2009-09-03,4851.29
2009-09-04,4989.18
2009-09-08,5075.37
2009-09-09,5155.28
2009-09-10,5254
2009-09-11,5255.57
2009-09-14,5316.68
2009-09-15,5348.02
2009-09-16,5510.98
2009-09-17,5500.01
2009-09-18,5506.28
2009-09-21,5484.34
2009-09-22,5540.75
2009-09-23,5438.9
2009-09-24,5329.25
2009-09-25,5278.97
2009-09-28,5456.51
2009-09-29,5425.09
2009-09-30,5392.09
2009-10-01,5122.9
2009-10-02,5076.3
2009-10-05,5219.27
2009-10-06,5370.1
2009-10-07,5403.09
2009-10-08,5487.93
2009-10-09,5546.06
2009-10-12,5597.91
2009-10-13,5577.49
2009-10-14,5762.88
2009-10-15,5797.44
2009-10-16,5715.74
2009-10-19,5811.58
2009-10-20,5755.02
2009-10-21,5646.62
2009-10-22,5753.45
2009-10-23,5635.62
2009-10-26,5506.79
2009-10-27,5454.94
2009-10-28,5253.83
2009-10-29,5470.65
2009-10-30,5161.14
2009-11-02,5233.41
2009-11-03,5260.12
2009-11-04,5283.69
2009-11-05,5483.22
2009-11-06,5514.64
2009-11-09,5767.59
2009-11-10,5767.59
2009-11-11,5825.72
2009-11-12,5707.89
2009-11-13,5770.73
2009-11-16,5937.27
2009-11-17,5949.84
2009-11-18,5946.7
2009-11-19,5789.59
2009-11-20,5753.45
2009-11-23,5902.71
2009-11-24,5908.99
2009-11-25,5949.84
2009-11-27,5759.74
2009-11-30,5797.44
2009-12-01,5929.42
2009-12-02,5938.84
2009-12-03,5844.58
2009-12-04,5907.42
2009-12-07,5885.43
2009-12-08,5762.88
2009-12-09,5799.01
2009-12-10,5865
2009-12-11,5919.99
2009-12-14,5996.98
2009-12-15,5940.42
2009-12-16,5960.84
2009-12-17,5817.87
2009-12-18,5880.71
2009-12-21,5992.26
2009-12-22,6039.4
2009-12-23,6067.53
2009-12-24,6133.54
2009-12-28,6150.82
2009-12-29,6138.25
2009-12-30,6122.54
2009-12-31,6009.23
2010-01-04,6202.68
2010-01-05,6243.54
2010-01-06,6248.26
2010-01-07,6300.12
2010-01-08,6344.12
2010-01-11,6364.55
2010-01-12,6245.11
2010-01-13,6345.69
2010-01-14,6381.83
2010-01-15,6241.97
2010-01-19,6395.98
2010-01-20,6262.4
2010-01-21,6023.53
2010-01-22,5761.09
2010-01-25,5809.97
2010-01-26,5762.66
2010-01-27,5817.67
2010-01-28,5684.09
2010-01-29,5558.37
2010-02-01,5728.09
2010-02-02,5869.53
2010-02-03,5812.95
2010-02-04,5457.8
2010-02-05,5486.08
2010-02-08,5398.08
2010-02-09,5530.08
2010-02-10,5506.67
2010-02-11,5619.66
2010-02-12,5611.8
2010-02-16,5789.38
2010-02-17,5844.38
2010-02-18,5915.1
2010-02-19,5946.53
2010-02-22,5940.24
2010-02-23,5800.38
2010-02-24,5899.38
2010-02-25,5889.48
2010-02-26,5898.13
2010-03-01,6015.68
2010-03-02,6045.53
2010-03-03,6059.68
2010-03-04,6092.68
2010-03-05,6271.72
2010-03-08,6273.4
2010-03-09,6292.26
2010-03-10,6347.26
2010-03-11,6402.26
2010-03-12,6402.26
2010-03-15,6406.98
2010-03-16,6509.12
2010-03-17,6586.13
2010-03-18,6579.84
2010-03-19,6513.84
2010-03-22,6579.84
2010-03-23,6648.99
2010-03-24,6612.07
2010-03-25,6583.68
2010-03-26,6589.99
2010-03-29,6659.4
2010-03-30,6672.03
2010-03-31,6627.85
2010-04-01,6716.2
2010-04-05,6825.06
2010-04-06,6858.19
2010-04-07,6784.04
2010-04-08,6825.06
2010-04-09,6914.99
2010-04-12,6940.23
2010-04-13,6951.28
2010-04-14,7103.92
2010-04-15,7118.51
2010-04-16,6896.06
2010-04-19,6944.97
2010-04-20,7063.29
2010-04-21,7036.47
2010-04-22,7079.07
2010-04-23,7167.42
2010-04-26,7116.93
2010-04-27,6784.04
2010-04-28,6878.7
2010-04-29,7047.51
2010-04-30,6814.02
2010-05-03,6998.61
2010-05-04,6664.14
2010-05-05,6577.36
2010-05-06,6136.4
2010-05-07,5960.49
2010-05-10,6484.28
2010-05-11,6444.84
2010-05-12,6627.85
2010-05-13,6463.77
2010-05-14,6232.01
2010-05-17,6236.59
2010-05-18,6067.46
2010-05-19,5999.93
2010-05-20,5540.83
2010-05-21,5703.33
2010-05-24,5556.6
2010-05-25,5569.22
2010-05-26,5495.07
2010-05-27,5868.98
2010-05-28,5717.53
2010-06-01,5525.05
2010-06-02,5809.03
2010-06-03,5862.67
2010-06-04,5454.05
2010-06-07,5304.17
2010-06-08,5414.61
2010-06-09,5359.39
2010-06-10,5678.09
2010-06-11,5730.15
2010-06-14,5719.1
2010-06-15,5974.69
2010-06-16,5968.38
2010-06-17,5985.73
2010-06-18,5996.78
2010-06-21,5963.65
2010-06-22,5768.12
2010-06-23,5728.59
2010-06-24,5542.01
2010-06-25,5591.03
2010-06-28,5548.33
2010-06-29,5211.54
2010-06-30,5092.64
2010-07-01,5070.82
2010-07-02,5005.99
2010-07-06,5070.82
2010-07-07,5390.22
2010-07-08,5494.57
2010-07-09,5575.21
2010-07-12,5587.86
2010-07-13,5758.63
2010-07-14,5753.89
2010-07-15,5758.63
2010-07-16,5436.07
2010-07-19,5504.06
2010-07-20,5621.07
2010-07-21,5480.34
2010-07-22,5722.26
2010-07-23,5818.72
2010-07-26,5951.53
2010-07-27,5938.88
2010-07-28,5864.57
2010-07-29,5806.07
2010-07-30,5809.39
2010-08-02,6063.8
2010-08-03,6008.46
2010-08-04,6087.67
2010-08-05,6076.45
2010-08-06,6024.27
2010-08-09,6089.1
2010-08-10,6025.69
2010-08-11,5693.8
2010-08-12,5622.65
2010-08-13,5586.28
2010-08-16,5586.28
2010-08-17,5715.94
2010-08-18,5742.82
2010-08-19,5545.17
2010-08-20,5505.64
2010-08-23,5466.11
2010-08-24,5301.67
2010-08-25,5338.04
2010-08-26,5265.3
2010-08-27,5431.33
2010-08-30,5276.37
2010-08-31,5271.63
2010-09-01,5589.44
2010-09-02,5692.22
2010-09-03,5842.43
2010-09-07,5712.78
2010-09-08,5787.09
2010-09-09,5844.01
2010-09-10,5905.68
2010-09-13,6035.34
2010-09-14,6024.27
2010-09-15,6070.12
2010-09-16,6065.38
2010-09-17,6078.03
2010-09-20,6256.7
2010-09-21,6232.73
2010-09-22,6177.22
2010-09-23,6069.38
2010-09-24,6315.2
2010-09-27,6261.28
2010-09-28,6307.27
2010-09-29,6277.14
2010-09-30,6243.83
2010-10-01,6294.58
2010-10-04,6197.84
2010-10-05,6450
2010-10-06,6451.59
2010-10-07,6435.73
2010-10-08,6503.93
2010-10-11,6518.2
2010-10-12,6557.85
2010-10-13,6656.18
2010-10-14,6614.94
2010-10-15,6634.13
2010-10-18,6703.75
2010-10-19,6516.61
2010-10-20,6648.25
2010-10-21,6675.21
2010-10-22,6705.34
2010-10-25,6737.06
2010-10-26,6740.23
2010-10-27,6703.75
2010-10-28,6713.27
2010-10-29,6716.44
2010-11-01,6721.2
2010-11-02,6825.87
2010-11-03,6886.14
2010-11-04,7146.23
2010-11-05,7203.32
2010-11-08,7179.53
2010-11-09,7070.1
2010-11-10,7127.2
2010-11-11,7071.69
2010-11-12,6903.74
2010-11-15,6882.96
2010-11-16,6667.28
2010-11-17,6668.86
2010-11-18,6875.03
2010-11-19,6908.34
2010-11-22,6898.82
2010-11-23,6699
2010-11-24,6895.65
2010-11-26,6746.57
2010-11-29,6778.29
2010-11-30,6689.48
2010-12-01,6979.71
2010-12-02,7162.09
2010-12-03,7196.98
2010-12-06,7181.28
2010-12-07,7192.22
2010-12-08,7249.32
2010-12-09,7300.07
2010-12-10,7390.46
2010-12-13,7393.64
2010-12-14,7407.91
2010-12-15,7344.47
2010-12-16,7420.6
2010-12-17,7441.21
2010-12-20,7471.35
2010-12-21,7564.92
2010-12-22,7614.08
2010-12-23,7596.68
2010-12-27,7605.88
2010-12-28,7620.47
2010-12-29,7631.58
2010-12-30,7612.54
2010-12-31,7622.06
2011-01-03,7767.99
2011-01-04,7757.29
2011-01-05,7837.79
2011-01-06,7809.24
2011-01-07,7779.1
2011-01-10,7758.48
2011-01-11,7810.82
2011-01-12,7955.18
2011-01-13,7937.73
2011-01-14,8039.25
2011-01-18,8070.97
2011-01-19,7910.76
2011-01-20,7891.72
2011-01-21,7923.45
2011-01-24,8021.8
2011-01-25,8018.63
2011-01-26,8080.49
2011-01-27,8126.49
2011-01-28,7840.96
2011-01-31,7952
2011-02-01,8213.74
2011-02-02,8177.25
2011-02-03,8215.32
2011-02-04,8264.5
2011-02-07,8367.61
2011-02-08,8443.75
2011-02-09,8399.33
2011-02-10,8410.44
2011-02-11,8508.79
2011-02-14,8548.44
2011-02-15,8502.44
2011-02-16,8597.62
2011-02-17,8654.72
2011-02-18,8689.62
2011-02-22,8342.23
2011-02-23,8232.77
2011-02-24,8228.01
2011-02-25,8399.33
2011-02-28,8504.03
2011-03-01,8216.91
2011-03-02,8251.81
2011-03-03,8534.17
2011-03-04,8412.02
2011-03-07,8275.6
2011-03-08,8416.78
2011-03-09,8396.16
2011-03-10,8085.25
2011-03-11,8197.88
2011-03-14,8099.53
2011-03-15,7918.69
2011-03-16,7618.88
2011-03-17,7809.24
2011-03-18,7872.69
2011-03-21,8113.8
2011-03-22,8056.7
2011-03-23,8108.31
2011-03-24,8259.37
2011-03-25,8311.85
2011-03-28,8272.09
2011-03-29,8386.59
2011-03-30,8491.54
2011-03-31,8470.87
2011-04-01,8539.24
2011-04-04,8559.92
2011-04-05,8554.83
2011-04-06,8604.44
2011-04-07,8571.05
2011-04-08,8502.67
2011-04-11,8456.55
2011-04-12,8325.37
2011-04-13,8321.39
2011-04-14,8335.7
2011-04-15,8402.49
2011-04-18,8205.31
2011-04-19,8297.54
2011-04-20,8524.93
2011-04-21,8609.21
2011-04-25,8601.26
2011-04-26,8745.97
2011-04-27,8857.28
2011-04-28,8922.48
2011-04-29,8957.46
2011-05-02,8933.61
2011-05-03,8860.46
2011-05-04,8742.79
2011-05-05,8590.13
2011-05-06,8660.1
2011-05-09,8730.06
2011-05-10,8881.13
2011-05-11,8698.26
2011-05-12,8774.59
2011-05-13,8637.83
2011-05-16,8526.52
2011-05-17,8527.79
2011-05-18,8674.41
2011-05-19,8717.34
2011-05-20,8583.77
2011-05-23,8381.82
2011-05-24,8369.09
2011-05-25,8418.39
2011-05-26,8493.13
2011-05-27,8558.33
2011-05-31,8744.38
2011-06-01,8343.65
2011-06-02,8327.75
2011-06-03,8163.96
2011-06-06,7992.22
2011-06-07,7976.32
2011-06-08,7909.53
2011-06-09,8028.8
2011-06-10,7807.76
2011-06-13,7814.12
2011-06-14,8014.49
2011-06-15,7733.02
2011-06-16,7761.65
2011-06-17,7812.37
2011-06-20,7890.45
2011-06-21,8100.36
2011-06-22,8006.88
2011-06-23,7967.09
2011-06-24,7780.88
2011-06-27,7906.61
2011-06-28,8118.28
2011-06-29,8266.29
2011-06-30,8417.49
2011-07-01,8665.76
2011-07-05,8651.44
2011-07-06,8664.17
2011-07-07,8859.93
2011-07-08,8727.83
2011-07-11,8415.89
2011-07-12,8336.32
2011-07-13,8390.43
2011-07-14,8280.62
2011-07-15,8371.33
2011-07-18,8229.69
2011-07-19,8495.47
2011-07-20,8487.51
2011-07-21,8723.06
2011-07-22,8734.2
2011-07-25,8641.89
2011-07-26,8576.64
2011-07-27,8226.51
2011-07-28,8173.83
2011-07-29,8062.58
2011-08-01,7986.19
2011-08-02,7580.35
2011-08-03,7666.29
2011-08-04,6943.75
2011-08-05,6911.92
2011-08-08,6023.86
2011-08-09,6585.66
2011-08-10,5977.7
2011-08-11,6531.55
2011-08-12,6623.86
2011-08-15,6900.78
2011-08-16,6784.6
2011-08-17,6792.56
2011-08-18,6202.11
2011-08-19,6004.76
2011-08-22,6006.35
2011-08-23,6409
2011-08-24,6579.29
2011-08-25,6386.72
2011-08-26,6569.75
2011-08-29,6948.52
2011-08-30,6973.99
2011-08-31,7029.69
2011-09-01,6902.37
2011-09-02,6539.51
2011-09-06,6447.2
2011-09-07,6811.65
2011-09-08,6666.83
2011-09-09,6315.1
2011-09-12,6404.23
2011-09-13,6518.5
2011-09-14,6695.47
2011-09-15,6927.83
2011-09-16,7013.78
2011-09-19,6872.13
2011-09-20,6857.65
2011-09-21,6433.29
2011-09-22,6034.6
2011-09-23,6090.42
2011-09-26,6395.02
2011-09-27,6538.55
2011-09-28,6265.84
2011-09-29,6371.1
2011-09-30,6055.33
2011-10-03,5712.46
2011-10-04,5937.32
2011-10-05,6179.72
2011-10-06,6401.72
2011-10-07,6321.66
2011-10-10,6737.89
2011-10-11,6745.07
2011-10-12,6865.47
2011-10-13,6839.96
2011-10-14,7077.58
2011-10-17,6806.47
2011-10-18,7075.98
2011-10-19,6900.56
2011-10-20,6957.81
2011-10-21,7219.51
2011-10-24,7402.91
2011-10-25,7122.23
2011-10-26,7262.57
2011-10-27,7645.31
2011-10-28,7763.81
2011-10-31,7375.8
2011-11-01,6978.7
2011-11-02,7200.37
2011-11-03,7465.11
2011-11-04,7369.42
2011-11-07,7463.83
2011-11-08,7653.29
2011-11-09,7083.96
2011-11-10,7217.92
2011-11-11,7498.6
2011-11-14,7353.47
2011-11-15,7431.62
2011-11-16,7198.78
2011-11-17,6958.13
2011-11-18,6946.81
2011-11-21,6680.48
2011-11-22,6624.66
2011-11-23,6336.49
2011-11-25,6304.12
2011-11-28,6670.91
2011-11-29,6707.59
2011-11-30,7260.98
2011-12-01,7264.17
2011-12-02,7254.6
2011-12-05,7409.29
2011-12-06,7414.07
2011-12-07,7454.42
2011-12-08,7142.96
2011-12-09,7377.39
2011-12-12,7160.51
2011-12-13,7034.52
2011-12-14,6879.35
2011-12-15,6927.67
2011-12-16,6945.21
2011-12-19,6801.68
2011-12-20,7206.75
2011-12-21,7237.05
2011-12-22,7374.2
2011-12-23,7496.79
2011-12-27,7506.36
2011-12-28,7326.12
2011-12-29,7456.91
2011-12-30,7399.49
2012-01-03,7627.74
2012-01-04,7646.73
2012-01-05,7694.58
2012-01-06,7662.68
2012-01-09,7681.66
2012-01-10,7815.8
2012-01-11,7827.14
2012-01-12,7860.46
2012-01-13,7809.42
2012-01-17,7831.75
2012-01-18,8007.21
2012-01-19,8096.53
2012-01-20,8107.7
2012-01-23,8115.67
2012-01-24,8098.13
2012-01-25,8232.11
2012-01-26,8146.46
2012-01-27,8134.82
2012-01-30,8085.37
2012-01-31,8063.04
2012-02-01,8206.59
2012-02-02,8239.77
2012-02-03,8477.75
2012-02-06,8464.67
2012-02-07,8501.68
2012-02-08,8554.32
2012-02-09,8575.05
2012-02-10,8458.61
2012-02-13,8567.08
2012-02-14,8560.7
2012-02-15,8476.16
2012-02-16,8650.02
2012-02-17,8701.06
2012-02-21,8717.01
2012-02-22,8655.76
2012-02-23,8731.37
2012-02-24,8769.65
2012-02-27,8807.93
2012-02-28,8852.59
2012-02-29,8744.13
2012-03-01,8879.71
2012-03-02,8825.48
2012-03-05,8755.29
2012-03-06,8487.32
2012-03-07,8603.76
2012-03-08,8774.43
2012-03-09,8839.83
2012-03-12,8846.21
2012-03-13,9170.01
2012-03-14,9147.68
2012-03-15,9243.38
2012-03-16,9280.07
2012-03-19,9350.41
2012-03-20,9296.02
2012-03-21,9260.48
2012-03-22,9129.38
2012-03-23,9188.54
2012-03-26,9442.75
2012-03-27,9386.79
2012-03-28,9294.06
2012-03-29,9258.88
2012-03-30,9330.99
2012-04-02,9466.73
2012-04-03,9401.18
2012-04-04,9196.53
2012-04-05,9198.13
2012-04-09,8999.87
2012-04-10,8685.04
2012-04-11,8812.81
2012-04-12,9065.43
2012-04-13,8836.79
2012-04-16,8820.8
2012-04-17,9092.61
2012-04-18,9028.65
2012-04-19,8923.13
2012-04-20,8943.91
2012-04-23,8787.23
2012-04-24,8859.49
2012-04-25,9108.59
2012-04-26,9228.51
2012-04-27,9264.64
2012-04-30,9180.54
2012-05-01,9296.3
2012-05-02,9244.5
2012-05-03,9105.4
2012-05-04,8811.21
2012-05-07,8817.6
2012-05-08,8752.05
2012-05-09,8641.41
2012-05-10,8673.71
2012-05-11,8627.34
2012-05-14,8437.08
2012-05-15,8345.95
2012-05-16,8278.8
2012-05-17,8027.62
2012-05-18,7885.48
2012-05-21,8158.88
2012-05-22,8187.66
2012-05-23,8203.65
2012-05-24,8235.63
2012-05-25,8174.87
2012-05-29,8376.32
2012-05-30,8130.1
2012-05-31,8136.5
2012-06-01,7685.63
2012-06-04,7685.63
2012-06-05,7786.35
2012-06-06,8147.43
2012-06-07,8147.69
2012-06-08,8285.19
2012-06-11,8078.94
2012-06-12,8262.81
2012-06-13,8152.81
2012-06-14,8321.96
2012-06-15,8490.48
2012-06-18,8525.02
2012-06-19,8697.69
2012-06-20,8668.54
2012-06-21,8276.41
2012-06-22,8390.05
2012-06-25,8130.76
2012-06-26,8212.39
2012-06-27,8359.64
2012-06-28,8314.82
2012-06-29,8727.76
2012-07-02,8778.98
2012-07-03,8899.02
2012-07-05,8817.39
2012-07-06,8644.53
2012-07-09,8618.93
2012-07-10,8482.88
2012-07-11,8481.28
2012-07-12,8402.85
2012-07-13,8660.54
2012-07-16,8634.93
2012-07-17,8750.17
2012-07-18,8876.61
2012-07-19,8921.43
2012-07-20,8762.98
2012-07-23,8591.72
2012-07-24,8455.67
2012-07-25,8438.06
2012-07-26,8705.36
2012-07-27,9044.67
2012-07-30,9037.31
2012-07-31,8948.64
2012-08-01,8900.62
2012-08-02,8780.58
2012-08-03,9119.58
2012-08-06,9151.91
2012-08-07,9239.94
2012-08-08,9268.75
2012-08-09,9289.55
2012-08-10,9316.76
2012-08-13,9316.76
2012-08-14,9308.76
2012-08-15,9318.36
2012-08-16,9464.01
2012-08-17,9494.26
2012-08-20,9494.42
2012-08-21,9432
2012-08-22,9436.8
2012-08-23,9287.95
2012-08-24,9399.99
2012-08-27,9399.99
2012-08-28,9388.79
2012-08-29,9395.19
2012-08-30,9263.95
2012-08-31,9361.58
2012-09-04,9299.16
2012-09-05,9310.36
2012-09-06,9689.69
2012-09-07,9774.52
2012-09-10,9659.28
2012-09-11,9710.5
2012-09-12,9774.52
2012-09-13,10083.42
2012-09-14,10158.65
2012-09-17,10099.43
2012-09-18,10088.23
2012-09-19,10088.23
2012-09-20,10092.87
2012-09-21,10077.02
2012-09-24,10043.41
2012-09-25,9857.42
2012-09-26,9729.29
2012-09-27,9915.15
2012-09-28,9817.33
2012-10-01,9872.5
2012-10-02,9887.89
2012-10-03,9968.07
2012-10-04,10125.23
2012-10-05,10112.4
2012-10-08,10041.84
2012-10-09,9851.01
2012-10-10,9725.61
2012-10-11,9729.13
2012-10-12,9666.59
2012-10-15,9817.33
2012-10-16,10017.78
2012-10-17,10117.21
2012-10-18,10069.1
2012-10-19,9723.04
2012-10-22,9727.53
2012-10-23,9455.88
2012-10-24,9408.41
2012-10-25,9451.71
2012-10-26,9440.48
2012-10-31,9410.01
2012-11-01,9642.54
2012-11-02,9466.14
2012-11-05,9506.23
2012-11-06,9647.35
2012-11-07,9222.39
2012-11-08,8988.26
2012-11-09,9005.9
2012-11-12,9020.34
2012-11-13,8964.21
2012-11-14,8720.46
2012-11-15,8686.78
2012-11-16,8763.76
2012-11-19,9119.76
2012-11-20,9142.21
2012-11-21,9174.28
2012-11-23,9418.03
2012-11-26,9390.77
2012-11-27,9300.97
2012-11-28,9424.45
2012-11-29,9525.47
2012-11-30,9498.21
2012-12-03,9424.45
2012-12-04,9397.19
2012-12-05,9436.63
2012-12-06,9488.59
2012-12-07,9559.15
2012-12-10,9565.57
2012-12-11,9692.25
2012-12-12,9701.87
2012-12-13,9596.03
2012-12-14,9515.85
2012-12-17,9733.94
2012-12-18,9958.45
2012-12-19,9802.9
2012-12-20,9919.96
2012-12-21,9737.15
2012-12-24,9676.37
2012-12-26,9586.73
2012-12-27,9578.69
2012-12-28,9366.62
2012-12-31,9695.98
2013-01-02,10168.34
2013-01-03,10118.52
2013-01-04,10206.88
2013-01-07,10158.68
2013-01-08,10097.63
2013-01-09,10153.86
2013-01-10,10303.28
2013-01-11,10311.31
2013-01-14,10287.21
2013-01-15,10304.89
2013-01-16,10301.67
2013-01-17,10431.81
2013-01-18,10483.22
2013-01-22,10592.31
2013-01-23,10623
2013-01-24,10631.35
2013-01-25,10756.35
2013-01-28,10735.46
2013-01-29,10812.58
2013-01-30,10730.64
2013-01-31,10692.73
2013-02-01,10884.88
2013-02-04,10650.95
2013-02-05,10865.92
2013-02-06,10878.45
2013-02-07,10855.96
2013-02-08,10965.21
2013-02-11,10963.6
2013-02-12,10998.95
2013-02-13,11020.16
2013-02-14,11043.93
2013-02-15,11018.23
2013-02-19,11172.46
2013-02-20,10891.31
2013-02-21,10765.35
2013-02-22,10970.03
2013-02-25,10566.77
2013-02-26,10699.8
2013-02-27,10968.42
2013-02-28,10923.44
2013-03-01,10994.13
2013-03-04,11108.2
2013-03-05,11310.63
2013-03-06,11347.59
2013-03-07,11395.79
2013-03-08,11490.58
2013-03-11,11570.91
2013-03-12,11518.29
2013-03-13,11543.59
2013-03-14,11667.3
2013-03-15,11636.78
2013-03-18,11514.68
2013-03-19,11457.16
2013-03-20,11605.01
2013-03-21,11418.56
2013-03-22,11590.55
2013-03-25,11511.79
2013-03-26,11686.99
2013-03-27,11675.74
2013-03-28,11730.39
2013-04-01,11662.88
2013-04-02,11777
2013-04-03,11535.9
2013-04-04,11630.73
2013-04-05,11525.29
2013-04-08,11683.77
2013-04-09,11757.71
2013-04-10,12055.07
2013-04-11,12130.61
2013-04-12,12067.93
2013-04-15,11513.39
2013-04-16,11841.29
2013-04-17,11494.11
2013-04-18,11347.84
2013-04-19,11534.29
2013-04-22,11658.06
2013-04-23,11895.94
2013-04-24,11926.48
2013-04-25,12014.89
2013-04-26,11965.22
2013-04-29,12116.15
2013-04-30,12183.66
2013-05-01,11963.45
2013-05-02,12178.83
2013-05-03,12416.72
2013-05-06,12501.91
2013-05-07,12622.44
2013-05-08,12737.55
2013-05-09,12675.5
2013-05-10,12754.91
2013-05-13,12770.34
2013-05-14,13038.76
2013-05-15,13175.39
2013-05-16,13051.62
2013-05-17,13307.19
2013-05-20,13299.15
2013-05-21,13345.76
2013-05-22,13117.52
2013-05-23,13070.91
2013-05-24,13035.55
2013-05-28,13180.21
2013-05-29,13025.9
2013-05-30,13115.91
2013-05-31,12738.19
2013-06-03,12873.21
2013-06-04,12762.3
2013-06-05,12394.22
2013-06-06,12612.82
2013-06-07,12926.25
2013-06-10,12926.25
2013-06-11,12672.13
2013-06-12,12468.16
2013-06-13,12837.84
2013-06-14,12675.5
2013-06-17,12869.99
2013-06-18,13062.87
2013-06-19,12712.79
2013-06-20,12084
2013-06-21,12149.9
2013-06-24,11849.33
2013-06-25,12077.57
2013-06-26,12306.5
2013-06-27,12449.49
2013-06-28,12341.72
2013-07-01,12480.05
2013-07-02,12449.49
2013-07-03,12478.44
2013-07-05,12751.88
2013-07-08,12891.82
2013-07-09,13081.62
2013-07-10,13088.05
2013-07-11,13446.72
2013-07-12,13443.52
2013-07-15,13570.59
2013-07-16,13456.39
2013-07-17,13528.77
2013-07-18,13673.85
2013-07-19,13731.43
2013-07-22,13779.69
2013-07-23,13721.78
2013-07-24,13618.84
2013-07-25,13671.92
2013-07-26,13700.87
2013-07-29,13622.06
2013-07-30,13625.28
2013-07-31,13626.08
2013-08-01,13954.85
2013-08-02,14004.87
2013-08-05,13966.27
2013-08-06,13816.68
2013-08-07,13721.78
2013-08-08,13797.38
2013-08-09,13725
2013-08-12,13696.05
2013-08-13,13782.9
2013-08-14,13647.79
2013-08-15,13242.46
2013-08-16,13171.69
2013-08-19,13001.19
2013-08-20,13120.22
2013-08-21,12959.37
2013-08-22,13190.99
2013-08-23,13277.85
2013-08-26,13187.77
2013-08-27,12755.1
2013-08-28,12841.95
2013-08-29,12885.38
2013-08-30,12798.53
2013-09-03,12912.73
2013-09-04,13133.09
2013-09-05,13149.17
2013-09-06,13168.47
2013-09-09,13435.48
2013-09-10,13628.49
2013-09-11,13708.92
2013-09-12,13651.01
2013-09-13,13696.05
2013-09-16,13864.94
2013-09-17,13985.57
2013-09-18,14307.26
2013-09-19,14263.83
2013-09-20,14048.3
2013-09-23,13935.71
2013-09-24,13861.72
2013-09-25,13795.11
2013-09-26,13882.05
2013-09-27,13766.13
2013-09-30,13627.66
2013-10-01,13830.21
2013-10-02,13785.45
2013-10-03,13556.82
2013-10-04,13743.59
2013-10-07,13516.57
2013-10-08,13200.99
2013-10-09,13202.6
2013-10-10,13772.57
2013-10-11,13957.73
2013-10-14,14075.26
2013-10-15,13872.39
2013-10-16,14252.37
2013-10-17,14443.97
2013-10-18,14635.57
2013-10-21,14637.18
2013-10-22,14801.41
2013-10-23,14670.99
2013-10-24,14774.03
2013-10-25,14889.96
2013-10-28,14947.92
2013-10-29,15110.54
2013-10-30,14954.36
2013-10-31,14864.2
2013-11-01,14922.16
2013-11-04,15038.09
2013-11-05,14952.75
2013-11-06,15094.44
2013-11-07,14709.63
2013-11-08,15100.88
2013-11-11,15110.54
2013-11-12,15047.75
2013-11-13,15292.48
2013-11-14,15451.87
2013-11-15,15580.68
2013-11-18,15476.03
2013-11-19,15398.74
2013-11-20,15313.41
2013-11-21,15554.92
2013-11-22,15698.22
2013-11-25,15693.39
2013-11-26,15683.73
2013-11-27,15746.52
2013-11-29,15722.37
2013-12-02,15662.79
2013-12-03,15537.21
2013-12-04,15505.01
2013-12-05,15377.81
2013-12-06,15723.98
2013-12-09,15791.6
2013-12-10,15678.9
2013-12-11,15326.29
2013-12-12,15234.51
2013-12-13,15221.63
2013-12-16,15413.23
2013-12-17,15297.31
2013-12-18,15815.75
2013-12-19,15810.92
2013-12-20,15970.32
2013-12-23,16149.04
2013-12-24,16223.69
2013-12-26,16388.07
2013-12-27,16386.46
2013-12-30,16370.34
2013-12-31,16528.28
2014-01-02,16210.8
2014-01-03,16189.85
2014-01-06,16115.71
2014-01-07,16301.04
2014-01-08,16307.49
2014-01-09,16333.28
2014-01-10,16404.35
2014-01-13,15981.95
2014-01-14,16320.38
2014-01-15,16508.94
2014-01-16,16454.14
2014-01-17,16315.55
2014-01-21,16405.8
2014-01-22,16438.03
2014-01-23,16172.12
2014-01-24,15475.92
2014-01-27,15311.54
2014-01-28,15496.87
2014-01-29,15200.34
2014-01-30,15525.88
2014-01-31,15332.49
2014-02-03,14629.85
2014-02-04,14844.18
2014-02-05,14810.34
2014-02-06,15187.45
2014-02-07,15580.67
2014-02-10,15627.41
2014-02-11,15970.67
2014-02-12,15994.85
2014-02-13,16154.39
2014-02-14,16330.05
2014-02-18,16376.79
2014-02-19,16160.84
2014-02-20,16331.66
2014-02-21,16304.27
2014-02-24,16467.04
2014-02-25,16470.26
2014-02-26,16465.42
2014-02-27,16644.31
2014-02-28,16721.66
2014-03-03,16491.21
2014-03-04,16969.85
2014-03-05,16966.62
2014-03-06,17064.93
2014-03-07,17069.76
2014-03-10,17066.54
2014-03-11,16890.88
2014-03-12,16898.94
2014-03-13,16518.61
2014-03-14,16421.91
2014-03-17,16708.77
2014-03-18,16955.34
2014-03-19,16790.96
2014-03-20,16960.18
2014-03-21,16834.47
2014-03-24,16699.1
2014-03-25,16858.65
2014-03-26,16608.86
2014-03-27,16554.05
2014-03-28,16692.68
2014-03-31,16976.4
2014-04-01,17194.03
2014-04-02,17311.7
2014-04-03,17273.02
2014-04-04,16865.17
2014-04-07,16489.56
2014-04-08,16616.92
2014-04-09,16978.01
2014-04-10,16257.43
2014-04-11,15968.87
2014-04-14,16217.13
2014-04-15,16449.26
2014-04-16,16773.28
2014-04-17,16823.26
2014-04-21,16952.22
2014-04-22,17090.86
2014-04-23,17029.6
2014-04-24,17084.41
2014-04-25,16813.58
2014-04-28,16915.14
2014-04-29,17061.84
2014-04-30,17185.97
2014-05-01,17168.23
2014-05-02,17123.1
2014-05-05,17190.8
2014-05-06,16895.8
2014-05-07,17085.21
2014-05-08,17045.72
2014-05-09,17106.98
2014-05-12,17431
2014-05-13,17456.79
2014-05-14,17298.81
2014-05-15,16990.91
2014-05-16,17116.65
2014-05-19,17237.55
2014-05-20,16998.97
2014-05-21,17292.36
2014-05-22,17382.63
2014-05-23,17524.49
2014-05-27,17740.51
2014-05-28,17708.27
2014-05-29,17895.26
2014-05-30,17943.62
2014-06-02,17987.15
2014-06-03,17974.25
2014-06-04,18048.41
2014-06-05,18274.09
2014-06-06,18451.42
2014-06-09,18491.72
2014-06-10,18498.17
2014-06-11,18369.2
2014-06-12,18108.05
2014-06-13,18214.45
2014-06-16,18238.63
2014-06-17,18335.35
2014-06-18,18606.17
2014-06-19,18657.76
2014-06-20,18725.46
2014-06-23,18720.63
2014-06-24,18472.37
2014-06-25,18649.86
2014-06-26,18620.82
2014-06-27,18695.03
2014-06-30,18678.9
2014-07-01,18925.73
2014-07-02,18961.23
2014-07-03,19162.89
2014-07-07,19019.31
2014-07-08,18767.63
2014-07-09,18940.25
2014-07-10,18790.22
2014-07-11,18837
2014-07-14,19027.37
2014-07-15,18961.23
2014-07-16,19101.59
2014-07-17,18662.76
2014-07-18,19040.28
2014-07-21,18961.23
2014-07-22,19127.4
2014-07-23,19217.74
2014-07-24,19212.9
2014-07-25,19035.44
2014-07-28,19045.12
2014-07-29,18882.18
2014-07-30,18895.08
2014-07-31,18141.67
2014-08-01,18033.57
2014-08-04,18285.25
2014-08-05,17930.32
2014-08-06,17935.16
2014-08-07,17739.95
2014-08-08,18152.94
2014-08-11,18252.98
2014-08-12,18204.59
2014-08-13,18461.1
2014-08-14,18627.27
2014-08-15,18622.43
2014-08-18,18932.19
2014-08-19,19124.17
2014-08-20,19230.65
2014-08-21,19335.52
2014-08-22,19275.82
2014-08-25,19475.87
2014-08-26,19506.53
2014-08-27,19490.39
2014-08-28,19459.74
2014-08-29,19569.44
2014-09-02,19548.47
2014-09-03,19535.57
2014-09-04,19466.19
2014-09-05,19648.5
2014-09-08,19545.25
2014-09-09,19303.25
2014-09-10,19443.61
2014-09-11,19475.87
2014-09-12,19254.85
2014-09-15,19219.36
2014-09-16,19516.21
2014-09-17,19559.77
2014-09-18,19767.88
2014-09-19,19730.78
2014-09-22,19432.31
2014-09-23,19212.9
2014-09-24,19513.35
2014-09-25,18869.37
2014-09-26,19180.87
2014-09-29,19105.01
2014-09-30,18995.26
2014-10-01,18494.92
2014-10-02,18493.3
2014-10-03,18898.42
2014-10-06,18850
2014-10-07,18278.64
2014-10-08,18908.1
2014-10-09,18151.13
2014-10-10,17746.02
2014-10-13,17155.29
2014-10-14,17231.15
2014-10-15,16961.61
2014-10-16,16934.17
2014-10-17,17347.36
2014-10-20,17684.68
2014-10-21,18383.55
2014-10-22,18128.54
2014-10-23,18538.49
2014-10-24,18808.03
2014-10-27,18641.79
2014-10-28,19195.39
2014-10-29,19148.59
2014-10-30,19392.3
2014-10-31,19826.47
2014-11-03,19847.45
2014-11-04,19719.95
2014-11-05,19968.5
2014-11-06,20129.91
2014-11-07,20160.57
2014-11-10,20281.62
2014-11-11,20320.36
2014-11-12,20284.85
2014-11-13,20315.52
2014-11-14,20333.27
2014-11-17,20359.09
2014-11-18,20591.51
2014-11-19,20518.88
2014-11-20,20597.97
2014-11-21,20804.56
2014-11-24,20938.52
2014-11-25,20917.54
2014-11-26,21011.15
2014-11-28,20924
2014-12-01,20630.25
2014-12-02,20880.42
2014-12-03,21053.12
2014-12-04,20995.01
2014-12-05,21077.33
2014-12-08,20791.65
2014-12-09,20754.53
2014-12-10,20096.01
2014-12-11,20278.39
2014-12-12,19640.86
2014-12-15,19348.73
2014-12-16,19043.68
2014-12-17,19813.56
2014-12-18,20786.81
2014-12-19,20956.28
2014-12-22,21140.87
2014-12-23,21210.4
2014-12-24,21208.78
2014-12-26,21352.7
2014-12-29,21391.51
2014-12-30,21173.21
2014-12-31,20747.93
2015-01-02,20720.44
2015-01-05,19965.3
2015-01-06,19606.32
2015-01-07,20094.66
2015-01-08,20801.29
2015-01-09,20442.32
2015-01-12,20127
2015-01-13,20023.51
2015-01-14,19774.49
2015-01-15,19415.5
2015-01-16,19911.94
2015-01-20,20004.11
2015-01-21,20201.38
2015-01-22,20802.91
2015-01-23,20568.44
2015-01-26,20668.7
2015-01-27,20125.38
2015-01-28,19601.47
2015-01-29,19976.62
2015-01-30,19472.11
2015-02-02,19934.57
2015-02-03,20515.08
2015-02-04,20359.85
2015-02-05,20789.98
2015-02-06,20659
2015-02-09,20471.42
2015-02-10,20898.32
2015-02-11,20932.27
2015-02-12,21330.06
2015-02-13,21504.7
2015-02-17,21587.16
2015-02-18,21582.31
2015-02-19,21558.06
2015-02-20,21805.46
2015-02-23,21798.99
2015-02-24,21926.74
2015-02-25,21874.99
2015-02-26,21828.1
2015-02-27,21692.27
2015-03-02,21954.23
2015-03-03,21768.27
2015-03-04,21593.63
2015-03-05,21632.44
2015-03-06,21027.68
2015-03-09,21200.7
2015-03-10,20507
2015-03-11,20418.06
2015-03-12,20929.04
2015-03-13,20683.25
2015-03-16,21229.8
2015-03-17,21092.36
2015-03-18,21595.25
2015-03-19,21394.74
2015-03-20,21773.12
2015-03-23,21703.59
2015-03-24,21440.02
2015-03-25,20828.21
2015-03-26,20732.62
2015-03-27,20815.24
2015-03-30,21327.2
2015-03-31,20948.09
2015-04-01,20810.38
2015-04-02,20933.51
2015-04-06,21225.13
2015-04-07,21124.69
2015-04-08,21252.68
2015-04-09,21445.47
2015-04-10,21667.42
2015-04-13,21481.11
2015-04-14,21557.26
2015-04-15,21748.43
2015-04-16,21733.85
2015-04-17,21234.85
2015-04-20,21623.68
2015-04-21,21570.22
2015-04-22,21779.21
2015-04-23,21887.76
2015-04-24,21986.59
2015-04-27,21801.89
2015-04-28,21942.84
2015-04-29,21756.53
2015-04-30,21333.68
2015-05-01,21782.45
2015-05-04,21921.78
2015-05-05,21411.45
2015-05-06,21228.37
2015-05-07,21395.25
2015-05-08,21965.51
2015-05-11,21745.19
2015-05-12,21615.58
2015-05-13,21628.54
2015-05-14,22074.07
2015-05-15,22122.68
2015-05-18,22253.91
2015-05-19,22236.09
2015-05-20,22205.3
2015-05-21,22341.39
2015-05-22,22237.71
2015-05-26,21764.63
2015-05-27,22150.22
2015-05-28,22111.34
2015-05-29,21826.2
2015-06-01,21916.92
2015-06-02,21884.52
2015-06-03,22007.65
2015-06-04,21654.46
2015-06-05,21557.26
2015-06-08,21278.6
2015-06-09,21278.6
2015-06-10,21774.35
2015-06-11,21910.44
2015-06-12,21592.9
2015-06-15,21388.77
2015-06-16,21625.3
2015-06-17,21696.59
2015-06-18,22130.78
2015-06-19,21878.04
2015-06-22,22185.86
2015-06-23,22205.3
2015-06-24,21880.68
2015-06-25,21741.19
2015-06-26,21744.43
2015-06-29,20858.82
2015-06-30,20933.44
2015-07-01,21244.86
2015-07-02,21212.42
2015-07-06,21085.9
2015-07-07,21329.2
2015-07-08,20634.99
2015-07-09,20696.62
2015-07-10,21225.39
2015-07-13,21692.53
2015-07-14,21890.41
2015-07-15,21870.95
2015-07-16,22201.83
2015-07-17,22247.25
2015-07-20,22273.2
2015-07-21,22088.29
2015-07-22,21994.22
2015-07-23,21770.38
2015-07-24,21306.49
2015-07-27,21059.95
2015-07-28,21566.01
2015-07-29,21867.7
2015-07-30,21880.68
2015-07-31,21815.8
2015-08-03,21660.09
2015-08-04,21569.26
2015-08-05,21734.7
2015-08-06,21400.57
2015-08-07,21293.52
2015-08-10,21819.04
2015-08-11,21413.55
2015-08-12,21462.2
2015-08-13,21420.03
2015-08-14,21569.26
2015-08-17,21815.8
2015-08-18,21682.8
2015-08-19,21338.93
2015-08-20,20453.33
2015-08-21,19178.44
2015-08-24,17592.13
2015-08-25,17170.41
2015-08-26,18500.45
2015-08-27,19399.03
2015-08-28,19395.79
2015-08-31,19094.1
2015-09-01,17935.99
2015-09-02,18630.21
2015-09-03,18659.4
2015-09-04,18094.95
2015-09-08,19019.48
2015-09-09,18490.71
2015-09-10,18688.6
2015-09-11,18854.04
2015-09-14,18717.79
2015-09-15,19184.93
2015-09-16,19528.79
2015-09-17,19431.47
2015-09-18,18802.14
2015-09-21,18980.56
2015-09-22,18503.69
2015-09-23,18422.59
2015-09-24,18318.78
2015-09-25,18292.83
2015-09-28,17368.3
2015-09-29,17391
2015-09-30,18052.78
2015-10-01,18140.36
2015-10-02,18678.87
2015-10-05,19337.39
2015-10-06,19204.39
2015-10-07,19519.06
2015-10-08,19872.65
2015-10-09,19892.12
2015-10-12,19927.8
2015-10-13,19684.5
2015-10-14,19476.89
2015-10-15,20086.76
2015-10-16,20248.95
2015-10-19,20271.66
2015-10-20,20226.25
2015-10-21,19992.68
2015-10-22,20641.48
2015-10-23,21118.34
2015-10-26,21014.53
2015-10-27,20920.46
2015-10-28,21397.33
2015-10-29,21381.11
2015-10-30,21183.22
2015-11-02,21676.31
2015-11-03,21806.07
2015-11-04,21682.8
2015-11-05,21634.14
2015-11-06,21617.92
2015-11-09,21215.66
2015-11-10,21287.03
2015-11-11,21137.81
2015-11-12,20550.64
2015-11-13,20083.51
2015-11-16,20690.14
2015-11-17,20644.72
2015-11-18,21319.47
2015-11-19,21280.54
2015-11-20,21436.25
2015-11-23,21390.84
2015-11-24,21439.5
2015-11-25,21442.74
2015-11-27,21478.42
2015-11-30,21309.74
2015-12-01,21711.99
2015-12-02,21264.32
2015-12-03,20657.7
2015-12-04,21465.45
2015-12-07,21202.69
2015-12-08,20923.7
2015-12-09,20592.82
2015-12-10,20699.87
2015-12-11,19875.9
2015-12-14,20099.73
2015-12-15,20527.94
2015-12-16,21111.85
2015-12-17,20495.5
2015-12-18,19720.18
2015-12-21,20054.32
2015-12-22,20418.8
2015-12-23,20916.66
2015-12-24,20832.06
2015-12-28,20766.98
2015-12-29,21196.5
2015-12-30,20913.41
2015-12-31,20500.15
2016-01-04,19911.18
2016-01-05,19999.03
2016-01-06,19462.12
2016-01-07,18534.41
2016-01-08,18137.75
2016-01-11,18147.51
2016-01-12,18430.61
2016-01-13,17526
2016-01-14,18098.7
2016-01-15,17314.49
2016-01-19,17356.79
2016-01-20,16946.79
2016-01-21,17122.5
2016-01-22,17815.6
2016-01-25,17291.71
2016-01-26,17737.51
2016-01-27,17363.3
2016-01-28,17548.78
2016-01-29,18375.29
2016-02-01,18391.56
2016-02-02,17701.72
2016-02-03,17922.99
2016-02-04,17975.05
2016-02-05,17307.98
2016-02-08,16826.39
2016-02-09,16810.12
2016-02-10,16790.6
2016-02-11,16380.59
2016-02-12,17031.72
2016-02-16,17594.07
2016-02-17,18176.8
2016-02-18,18030.37
2016-02-19,18010.84
2016-02-22,18528.23
2016-02-23,18088.94
2016-02-24,18241.88
2016-02-25,18677.91
2016-02-26,18590.06
2016-02-29,18261.4
2016-03-01,19162.76
2016-03-02,19335.22
2016-03-03,19468.63
2016-03-04,19585.78
2016-03-07,19644.35
2016-03-08,19195.3
2016-03-09,19390.54
2016-03-10,19410.06
2016-03-11,20054.35
2016-03-14,19986.02
2016-03-15,19943.72
2016-03-16,20171.5
2016-03-17,20415.54
2016-03-18,20581.5
2016-03-21,20633.56
2016-03-22,20607.53
2016-03-23,20351.44
2016-03-24,20325.35
2016-03-28,20341.65
2016-03-29,20742.81
2016-03-30,20909.15
2016-03-31,20814.56
2016-04-01,21082
2016-04-04,20948.28
2016-04-05,20534.08
2016-04-06,20964.59
2016-04-07,20462.33
2016-04-08,20589.52
2016-04-11,20478.63
2016-04-12,20873.27
2016-04-13,21277.69
2016-04-14,21280.95
2016-04-15,21222.24
2016-04-18,21525.56
2016-04-19,21652.76
2016-04-20,21701.68
2016-04-21,21463.59
2016-04-22,21483.16
2016-04-25,21385.32
2016-04-26,21463.59
2016-04-27,21554.1
2016-04-28,21173.32
2016-04-29,20938.5
2016-05-02,21251.6
2016-05-03,20883.05
2016-05-04,20638.45
2016-05-05,20654.75
2016-05-06,20788.47
2016-05-09,20837.39
2016-05-10,21333.13
2016-05-11,20945.02
2016-05-12,20958.07
2016-05-13,20589.52
2016-05-16,20987.42
2016-05-17,20612.35
2016-05-18,20618.88
2016-05-19,20475.37
2016-05-20,20710.2
2016-05-23,20658.01
2016-05-24,21189.63
2016-05-25,21466.85
2016-05-26,21489.68
2016-05-27,21665.8
2016-05-31,21603.83
2016-06-01,21691.89
2016-06-02,21819.09
2016-06-03,21682.11
2016-06-06,21913.67
2016-06-07,21969.12
2016-06-08,22109.36
2016-06-09,22050.65
2016-06-10,21642.97
2016-06-13,21303.78
2016-06-14,21222.24
2016-06-15,21153.75
2016-06-16,21287.47
2016-06-17,21117.88
2016-06-20,21385.32
2016-06-21,21509.25
2016-06-22,21436.52
2016-06-23,21985.17
2016-06-24,20430.66
2016-06-27,19669.74
2016-06-28,20375.14
2016-06-29,21087.08
2016-06-30,21639
2016-07-01,21740.24
2016-07-05,21433.25
2016-07-06,21687.98
2016-07-07,21652.06
2016-07-08,22301.95
2016-07-11,22468.5
2016-07-12,22788.55
2016-07-13,22775.49
2016-07-14,23026.95
2016-07-15,22977.96
2016-07-18,23098.8
2016-07-19,23043.28
2016-07-20,23242.49
2016-07-21,23053.08
2016-07-22,23278.42
2016-07-25,23154.32
2016-07-26,23157.58
2016-07-27,23108.6
2016-07-28,23157.58
2016-07-29,23239.23
2016-08-01,23193.51
2016-08-02,22906.12
2016-08-03,23043.28
2016-08-04,23072.67
2016-08-05,23441.7
2016-08-08,23431.91
2016-08-09,23444.97
2016-08-10,23343.73
2016-08-11,23546.21
2016-08-12,23507.02
2016-08-15,23640.92
2016-08-16,23405.78
2016-08-17,23477.63
2016-08-18,23588.66
2016-08-19,23526.61
2016-08-22,23516.82
2016-08-23,23595.2
2016-08-24,23379.65
2016-08-25,23337.2
2016-08-26,23242.49
2016-08-29,23464.56
2016-08-30,23382.92
2016-08-31,23262.09
2016-09-01,23255.55
2016-09-02,23461.3
2016-09-06,23608.26
2016-09-07,23611.52
2016-09-08,23500.49
2016-09-09,22357.47
2016-09-12,23007.36
2016-09-13,22344.4
2016-09-14,22308.48
2016-09-15,22775.49
2016-09-16,22589.34
2016-09-19,22595.87
2016-09-20,22602.4
2016-09-21,23089.18
2016-09-22,23393.16
2016-09-23,23131.67
2016-09-26,22762.32
2016-09-27,23040.15
2016-09-28,23268.95
2016-09-29,22853.84
2016-09-30,23197.04
2016-10-03,23063.03
2016-10-04,22860.38
2016-10-05,23043.42
2016-10-06,23082.64
2016-10-07,22912.68
2016-10-10,23141.48
2016-10-11,22579.28
2016-10-12,22628.31
2016-10-13,22471.42
2016-10-14,22494.3
2016-10-17,22347.22
2016-10-18,22598.9
2016-10-19,22710.03
2016-10-20,22644.66
2016-10-21,22651.19
2016-10-24,22837.5
2016-10-25,22700.22
2016-10-26,22602.16
2016-10-27,22491.03
2016-10-28,22350.48
2016-10-31,22343.95
2016-11-01,22036.7
2016-11-02,21758.87
2016-11-03,21559.49
2016-11-04,21500.66
2016-11-07,22435.47
2016-11-08,22638.12
2016-11-09,23144.75
2016-11-10,23246.07
2016-11-11,23141.48
2016-11-14,23180.7
2016-11-15,23533.71
2016-11-16,23451.99
2016-11-17,23693.87
2016-11-18,23589.27
2016-11-21,23922.67
2016-11-22,24027.26
2016-11-23,24053.41
2016-11-25,24229.91
2016-11-28,24020.72
2016-11-29,24099.17
2016-11-30,23958.62
2016-12-01,23778.85
2016-12-02,23818.07
2016-12-05,24099.17
2016-12-06,24256.06
2016-12-07,24873.82
2016-12-08,25017.64
2016-12-09,25302
2016-12-12,25246.44
2016-12-13,25586.37
2016-12-14,25171.26
2016-12-15,25354.3
2016-12-16,25279.12
2016-12-19,25360.84
2016-12-20,25553.68
2016-12-21,25440.62
2016-12-22,25348.99
2016-12-23,25411.17
2016-12-27,25532.25
2016-12-28,25126.46
2016-12-29,25100.28
2016-12-30,24917.02
2017-01-03,25283.54
2017-01-04,25581.34
2017-01-05,25535.52
2017-01-06,25722.06
2017-01-09,25551.89
2017-01-10,25548.61
2017-01-11,25689.33
2017-01-12,25571.52
2017-01-13,25679.51
2017-01-17,25496.25
2017-01-18,25604.25
2017-01-19,25427.53
2017-01-20,25578.07
2017-01-23,25466.8
2017-01-24,25767.87
2017-01-25,26206.39
2017-01-26,26176.94
2017-01-27,26108.22
2017-01-30,25794.05
2017-01-31,25780.96
2017-02-01,25787.51
2017-02-02,25800.6
2017-02-03,26163.85
2017-02-06,26072.22
2017-02-07,26082.03
2017-02-08,26150.76
2017-02-09,26428.92
2017-02-10,26635.09
2017-02-13,26932.89
2017-02-14,27161.97
2017-02-15,27430.32
2017-02-16,27397.59
2017-02-17,27453.22
2017-02-21,27783.75
2017-02-22,27747.75
2017-02-23,27796.84
2017-02-24,27845.93
2017-02-27,27947.37
2017-02-28,27800.11
2017-03-01,28536.43
2017-03-02,28218.99
2017-03-03,28235.36
2017-03-06,28061.91
2017-03-07,27908.1
2017-03-08,27783.75
2017-03-09,27855.74
2017-03-10,28029.19
2017-03-13,28071.73
2017-03-14,27868.83
2017-03-15,28326.99
2017-03-16,28232.08
2017-03-17,28124.09
2017-03-20,28051.18
2017-03-21,27335.41
2017-03-22,27465.96
2017-03-23,27400.44
2017-03-24,27367.68
2017-03-27,27295.61
2017-03-28,27685.45
2017-03-29,27754.25
2017-03-30,27904.94
2017-03-31,27793.56
2017-04-03,27692
2017-04-04,27737.87
2017-04-05,27560.96
2017-04-06,27688.73
2017-04-07,27639.59
2017-04-10,27672.35
2017-04-11,27610.1
2017-04-12,27380.78
2017-04-13,27030.25
2017-04-17,27488.89
2017-04-18,27308.71
2017-04-19,27216.98
2017-04-20,27639.59
2017-04-21,27485.61
2017-04-24,28068.74
2017-04-25,28389.79
2017-04-26,28373.41
2017-04-27,28409.45
2017-04-28,28307.89
2017-05-01,28425.83
2017-05-02,28445.48
2017-05-03,28376.69
2017-05-04,28432.38
2017-05-05,28678.08
2017-05-08,28658.42
2017-05-09,28599.45
2017-05-10,28687.91
2017-05-11,28579.8
2017-05-12,28501.17
2017-05-15,28769.81
2017-05-16,28737.05
2017-05-17,27728.04
2017-05-18,27924.6
2017-05-19,28294.79
2017-05-22,28573.25
2017-05-23,28697.73
2017-05-24,28825.5
2017-05-25,29084.3
2017-05-26,29097.4
2017-05-30,29041.71
2017-05-31,29028.61
2017-06-01,29464.32
2017-06-02,29657.6
2017-06-05,29634.67
2017-06-06,29461.04
2017-06-07,29542.94
2017-06-08,29578.98
2017-06-09,29483.97
2017-06-12,29464.32
2017-06-13,29742.78
2017-06-14,29690.36
2017-06-15,29562.6
2017-06-16,29565.87
2017-06-19,30044.17
2017-06-20,29657.6
2017-06-21,29628.73
2017-06-22,29599.22
2017-06-23,29681.19
2017-06-26,29694.31
2017-06-27,29238.53
2017-06-28,29727.1
2017-06-29,29238.53
2017-06-30,29330.34
2017-07-03,29435.27
2017-07-05,29543.48
2017-07-06,29025.4
2017-07-07,29389.36
2017-07-10,29451.67
2017-07-11,29389.36
2017-07-12,29838.58
2017-07-13,29927.12
2017-07-14,30195.99
2017-07-17,30205.83
2017-07-18,30238.62
2017-07-19,30553.4
2017-07-20,30569.79
2017-07-21,30533.72
2017-07-24,30504.21
2017-07-25,30635.37
2017-07-26,30664.88
2017-07-27,30602.58
2017-07-28,30517.33
2017-07-31,30487.82
2017-08-01,30602.58
2017-08-02,30632.09
2017-08-03,30537
2017-08-04,30632.09
2017-08-07,30733.74
2017-08-08,30602.58
2017-08-09,30566.51
2017-08-10,29730.38
2017-08-11,29789.4
2017-08-14,30389.45
2017-08-15,30382.89
2017-08-16,30477.98
2017-08-17,29533.64
2017-08-18,29431.99
2017-08-21,29481.18
2017-08-22,30068.11
2017-08-23,29874.65
2017-08-24,29740.21
2017-08-25,29868.09
2017-08-28,29881.21
2017-08-29,29923.84
2017-08-30,30212.39
2017-08-31,30582.91
2017-09-01,30678
2017-09-05,30225.5
2017-09-06,30422.24
2017-09-07,30415.68
2017-09-08,30330.43
2017-09-11,30956.71
2017-09-12,31179.68
2017-09-13,31215.75
2017-09-14,31192.8
2017-09-15,31284.61
2017-09-18,31405.93
2017-09-19,31451.83
2017-09-20,31478.07
2017-09-21,31304.28
2017-09-22,31317.4
2017-09-25,31186.24
2017-09-26,31219.03
2017-09-27,31461.7
2017-09-28,31533.9
2017-09-29,31750.52
2017-10-02,32006.52
2017-10-03,32160.77
2017-10-04,32239.54
2017-10-05,32600.57
2017-10-06,32538.21
2017-10-09,32429.9
2017-10-10,32590.72
2017-10-11,32682.62
2017-10-12,32577.59
2017-10-13,32662.92
2017-10-16,32754.82
2017-10-17,32800.77
2017-10-18,32843.44
2017-10-19,32859.85
2017-10-20,33201.18
2017-10-23,32945.18
2017-10-24,33046.92
2017-10-25,32725.28
2017-10-26,32800.77
2017-10-27,33325.9
2017-10-30,33089.59
2017-10-31,33188.05
2017-11-01,33276.67
2017-11-02,33296.36
2017-11-03,33506.41
2017-11-06,33595.03
2017-11-07,33585.18
2017-11-08,33693.49
2017-11-09,33437.49
2017-11-10,33407.95
2017-11-13,33463.74
2017-11-14,33309.49
2017-11-15,32971.44
2017-11-16,33509.69
2017-11-17,33325.9
2017-11-20,33424.36
2017-11-21,33857.59
2017-11-22,33808.36
2017-11-24,33956.05
2017-11-27,33929.79
2017-11-28,34589.49
2017-11-29,34566.51
2017-11-30,35137.59
2017-12-01,34999.74
2017-12-04,34914.41
2017-12-05,34674.82
2017-12-06,34678.1
2017-12-07,34891.43
2017-12-08,35262.31
2017-12-11,35485.48
2017-12-12,35613.48
2017-12-13,35587.23
2017-12-14,35298.41
2017-12-15,35885.89
2017-12-18,36322.41
2017-12-19,36072.97
2017-12-20,36017.18
2017-12-21,36141.89
2017-12-22,36125.48
2017-12-26,36033.91
2017-12-27,36076.64
2017-12-28,36211.4
2017-12-29,35968.18
2018-01-02,36454.63
2018-01-03,36891.79
2018-01-04,37220.47
2018-01-05,37687.21
2018-01-08,37828.54
2018-01-09,37999.46
2018-01-10,37877.85
2018-01-11,38407.03
2018-01-12,38916.49
2018-01-16,38646.97
2018-01-17,39393.09
2018-01-18,39255.04
2018-01-19,39596.88
2018-01-22,40231.24
2018-01-23,40402.16
2018-01-24,40379.15
2018-01-25,40395.58
2018-01-26,41319.19
2018-01-29,40767
2018-01-30,39905.84
2018-01-31,39984.73
2018-02-01,39879.55
2018-02-02,38147.37
2018-02-05,35047.85
2018-02-06,36316.58
2018-02-07,35895.86
2018-02-08,33243.36
2018-02-09,34252.43
2018-02-12,35182.61
2018-02-13,35383.11
2018-02-14,36342.88
2018-02-15,37243.48
2018-02-16,37266.49
2018-02-20,36819.47
2018-02-21,36411.9
2018-02-22,36494.07
2018-02-23,37670.77
2018-02-26,38551.65
2018-02-27,37578.74
2018-02-28,36757.02
2018-03-01,35761.1
2018-03-02,36125.95
2018-03-05,36947.66
2018-03-06,37131.73
2018-03-07,37089
2018-03-08,37437.41
2018-03-09,38722.57
2018-03-12,38650.26
2018-03-13,38157.23
2018-03-14,37752.94
2018-03-15,37674.06
2018-03-16,37743.08
2018-03-19,36730.73
2018-03-20,36845.77
2018-03-21,36681.4
2018-03-22,34861.16
2018-03-23,33360.2
2018-03-26,35203.48
2018-03-27,33955.97
2018-03-28,33784.81
2018-03-29,34719.62
2018-04-02,33152.83
2018-04-03,33975.72
2018-04-04,34739.37
2018-04-05,35239.69
2018-04-06,33682.77
2018-04-09,33959.27
2018-04-10,35055.36
2018-04-11,34706.45
2018-04-12,35242.98
2018-04-13,35055.36
2018-04-16,35618.22
2018-04-17,36368.7
2018-04-18,36427.95
2018-04-19,36003.34
2018-04-20,35410.85
2018-04-23,35387.81
2018-04-24,34446.42
2018-04-25,34597.83
2018-04-26,35282.48
2018-04-27,35361.48
2018-04-30,34788.74
2018-05-01,34940.16
2018-05-02,34453
2018-05-03,34295.01
2018-05-04,35180.44
2018-05-07,35387.81
2018-05-08,35397.69
2018-05-09,36095.5
2018-05-10,36753.82
2018-05-11,36905.23
2018-05-14,36990.81
2018-05-15,36483.91
2018-05-16,36803.19
2018-05-17,36737.36
2018-05-18,36559.62
2018-05-21,37082.98
2018-05-22,36872.32
2018-05-23,37086.27
2018-05-24,36934.86
2018-05-25,36743.94
2018-05-29,35927.63
2018-05-30,36836.11
2018-05-31,36322.62
2018-06-01,37086.27
2018-06-04,37445.05
2018-06-05,37537.22
2018-06-06,38142.87
2018-06-07,38096.79
2018-06-08,38327.2
2018-06-11,38419.36
2018-06-12,38541.15
2018-06-13,38238.32
2018-06-14,38458.86
2018-06-15,38353.53
2018-06-18,38192.24
2018-06-19,37896
2018-06-20,38024.06
2018-06-21,37532.81
2018-06-22,37651.5
2018-06-25,36629.44
2018-06-26,36777.81
2018-06-27,36157.97
2018-06-28,36586.58
2018-06-29,36692.08
2018-07-02,36863.53
2018-07-03,36550.31
2018-07-05,37156.96
2018-07-06,37747.12
2018-07-09,38446.08
2018-07-10,38696.65
2018-07-11,38162.54
2018-07-12,38825.23
2018-07-13,38884.58
2018-07-16,38812.04
2018-07-17,39154.93
2018-07-18,39299.99
2018-07-19,39006.56
2018-07-20,38910.95
2018-07-23,39049.42
2018-07-24,39412.09
2018-07-25,40130.83
2018-07-26,39886.86
2018-07-27,39356.04
2018-07-30,38914.25
2018-07-31,39293.4
2018-08-01,39197.79
2018-08-02,39567.05
2018-08-03,39949.5
2018-08-06,40236.34
2018-08-07,40470.42
2018-08-08,40434.16
2018-08-09,40325.36
2018-08-10,39764.87
2018-08-13,39454.95
2018-08-14,39972.58
2018-08-15,39369.23
2018-08-16,40012.14
2018-08-17,40256.12
2018-08-20,40450.64
2018-08-21,40612.19
2018-08-22,40582.52
2018-08-23,40457.23
2018-08-24,40941.89
2018-08-27,41571.61
2018-08-28,41621.07
2018-08-29,42076.05
2018-08-30,41706.79
2018-08-31,41710.09
2018-09-04,41588.1
2018-09-05,41324.34
2018-09-06,41090.25
2018-09-07,40908.92
2018-09-10,41047.39
2018-09-11,41344.12
2018-09-12,41357.31
2018-09-13,41809
2018-09-14,41832.07
2018-09-17,41377.09
2018-09-18,41822.18
2018-09-19,41907.91
2018-09-20,42560.71
2018-09-21,42507.96
2018-09-24,42227.71
2018-09-25,42125.51
2018-09-26,41861.78
2018-09-27,42096.09
2018-09-28,42082.89
2018-10-01,42376.6
2018-10-02,42330.4
2018-10-03,42393.1
2018-10-04,41723.18
2018-10-05,41261.16
2018-10-08,41205.06
2018-10-09,41109.36
2018-10-10,38469.28
2018-10-11,36782.93
2018-10-12,37819.16
2018-10-15,37403.35
2018-10-16,39003.9
2018-10-17,39003.9
2018-10-18,37895.06
2018-10-19,37822.46
2018-10-22,37482.55
2018-10-23,37086.54
2018-10-24,34852.37
2018-10-25,36086.61
2018-10-26,34806.17
2018-10-29,34420.05
2018-10-30,35426.59
2018-10-31,36185.61
2018-11-01,36911.63
2018-11-02,36509.02
2018-11-05,36895.13
2018-11-06,37353.84
2018-11-07,38931.29
2018-11-08,38789.39
2018-11-09,38079.87
2018-11-12,36588.22
2018-11-13,36472.72
2018-11-14,35941.4
2018-11-15,36697.12
2018-11-16,36888.53
2018-11-19,35641.09
2018-11-20,34324.35
2018-11-21,34538.86
2018-11-23,34109.85
2018-11-26,35159.28
2018-11-27,35390.28
2018-11-28,36984.23
2018-11-29,36862.13
2018-11-30,37324.14
2018-12-03,38274.57
2018-12-04,35842.4
2018-12-06,35733.49
2018-12-07,34027.34
2018-12-10,34116.45
2018-12-11,34146.15
2018-12-12,34495.96
2018-12-13,34469.56
2018-12-14,33169.32
2018-12-17,31832.78
2018-12-18,31793.17
2018-12-19,30826.24
2018-12-20,29839.51
2018-12-21,28575.58
2018-12-24,26998.13
2018-12-26,29720.16
2018-12-27,30305.77
2018-12-28,30156.88
2018-12-31,30709.4
2019-01-02,30745.8
2019-01-03,29227.2
2019-01-04,31242.07
2019-01-07,31695.33
2019-01-08,32277.63
2019-01-09,32575.39
2019-01-10,32826.84
2019-01-11,32813.6
2019-01-14,32446.36
2019-01-15,33187.46
2019-01-16,33316.49
2019-01-17,33806.15
2019-01-18,34699.44
2019-01-22,33799.53
2019-01-23,33888.86
2019-01-24,33945.11
2019-01-25,34504.24
2019-01-28,34007.97
2019-01-29,33885.55
2019-01-30,34954.19
2019-01-31,35539.8
2019-02-01,35612.58
2019-02-04,36112.17
2019-02-05,36403.31
2019-02-06,36280.9
2019-02-07,35596.04
2019-02-08,35668.83
2019-02-11,35708.53
2019-02-12,36638.22
2019-02-13,36849.96
2019-02-14,36671.3
2019-02-15,37471.96
2019-02-19,37610.91
2019-02-20,37746.56
2019-02-21,37471.96
2019-02-22,37928.53
2019-02-25,38060.87
2019-02-26,37964.92
2019-02-27,37938.45
2019-02-28,37746.56
2019-03-01,38282.54
2019-03-04,37968.23
2019-03-05,37859.05
2019-03-06,37376.01
2019-03-07,36760.63
2019-03-08,36608.44
2019-03-11,37687.01
2019-03-12,37925.22
2019-03-13,38444.65
2019-03-14,38391.72
2019-03-15,38762.27
2019-03-18,39053.41
2019-03-19,39063.34
2019-03-20,38772.27
2019-03-21,39660.62
2019-03-22,38129.22
2019-03-25,38086.12
2019-03-26,38623.11
2019-03-27,38235.29
2019-03-28,38546.87
2019-03-29,39047.39
2019-04-01,39922.48
2019-04-02,39952.31
2019-04-03,40098.16
2019-04-04,40283.78
2019-04-05,40628.51
2019-04-08,40721.33
2019-04-09,40287.1
2019-04-10,40548.96
2019-04-11,40529.07
2019-04-12,41072.69
2019-04-15,41019.65
2019-04-16,41059.43
2019-04-17,40863.86
2019-04-18,41003.08
2019-04-22,41062.74
2019-04-23,41811.87
2019-04-24,41622.93
2019-04-25,41550.01
2019-04-26,41944.46
2019-04-29,42050.53
2019-04-30,42060.47
2019-05-01,41480.4
2019-05-02,41281.51
2019-05-03,42057.16
2019-05-06,41709.11
2019-05-07,40320.25
2019-05-08,40207.55
2019-05-09,39942.37
2019-05-10,40300.36
2019-05-13,38314.84
2019-05-14,39000.99
2019-05-15,39425.27
2019-05-16,40161.14
2019-05-17,39657.3
2019-05-20,39136.89
2019-05-21,39809.78
2019-05-22,39581.06
2019-05-23,38606.54
2019-05-24,38742.44
2019-05-28,38023.15
2019-05-29,37532.57
2019-05-30,37694.99
2019-05-31,36687.31
2019-06-03,36481.8
2019-06-04,38059.61
2019-06-05,38715.92
2019-06-06,39226.39
2019-06-07,39992.09
2019-06-10,40383.23
2019-06-11,40353.39
2019-06-12,40210.86
2019-06-13,40562.22
2019-06-14,40419.69
2019-06-17,40482.67
2019-06-18,41261.63
2019-06-19,41500.29
2019-06-20,42256.04
2019-06-21,42149.97
2019-06-24,42043.9
2019-06-25,41203.88
2019-06-26,41100.9
2019-06-27,41416.48
2019-06-28,41858.28
2019-07-01,42552.54
2019-07-02,42781.74
2019-07-03,43442.79
2019-07-05,43336.49
2019-07-08,42854.82
2019-07-09,42994.34
2019-07-10,43359.74
2019-07-11,43552.41
2019-07-12,43957.67
2019-07-15,43980.92
2019-07-16,43681.96
2019-07-17,43080.71
2019-07-18,43396.28
2019-07-19,42901.33
2019-07-22,43107.28
2019-07-23,43715.18
2019-07-24,44113.8
2019-07-25,43691.92
2019-07-26,44273.24
2019-07-29,44127.08
2019-07-30,43907.84
2019-07-31,42911.3
2019-08-01,42147.28
2019-08-02,41602.5
2019-08-05,39104.49
2019-08-06,40120.97
2019-08-07,40144.22
2019-08-08,41678.9
2019-08-09,41140.76
2019-08-12,40150.86
2019-08-13,41356.68
2019-08-14,38935.07
2019-08-15,39144.35
2019-08-16,40290.38
2019-08-19,41263.67
2019-08-20,40609.27
2019-08-21,41250.38
2019-08-22,41213.84
2019-08-23,39087.88
2019-08-26,39944.91
2019-08-27,39629.34
2019-08-28,40184.08
2019-08-29,41217.17
2019-08-30,41177.3
2019-09-03,40695.64
2019-09-04,41595.85
2019-09-05,42685.41
2019-09-06,42741.88
2019-09-09,42771.78
2019-09-10,42778.42
2019-09-11,43363.06
2019-09-12,43665.35
2019-09-13,43588.95
2019-09-16,43316.56
2019-09-17,43522.51
2019-09-18,43585.63
2019-09-19,43559.05
2019-09-20,43110.6
2019-09-23,43120.57
2019-09-24,42432.95
2019-09-25,42911.3
2019-09-26,42755.17
2019-09-27,42283.47
2019-09-30,42668.8
2019-10-01,41655.65
2019-10-02,40190.72
2019-10-03,40805.26
2019-10-04,41904.78
2019-10-07,41562.64
2019-10-08,40263.8
2019-10-09,40994.6
2019-10-10,41552.67
2019-10-11,42429.63
2019-10-14,42353.23
2019-10-15,43170.4
2019-10-16,43024.24
2019-10-17,43246.8
2019-10-18,42878.08
2019-10-21,43485.97
2019-10-22,43163.75
2019-10-23,43419.53
2019-10-24,43569.02
2019-10-25,43924.45
2019-10-28,44419.4
2019-10-29,44369.58
2019-10-30,44648.61
2019-10-31,44376.22
2019-11-01,45229.93
2019-11-04,45548.82
2019-11-05,45452.49
2019-11-06,45482.39
2019-11-07,45791.32
2019-11-08,46013.88
2019-11-11,45834.5
2019-11-12,45997.27
2019-11-13,46033.81
2019-11-14,46156.72
2019-11-15,46831.05
2019-11-18,46880.87
2019-11-19,46837.69
2019-11-20,46512.15
2019-11-21,46359.35
2019-11-22,46548.69
2019-11-25,47259.56
2019-11-26,47478.8
2019-11-27,47887.38
2019-11-29,47512.02
2019-12-02,46721.43
2019-12-03,46070.35
2019-12-04,46658.31
2019-12-05,46817.76
2019-12-06,47651.54
2019-12-09,47369.18
2019-12-10,47239.63
2019-12-11,47508.7
2019-12-12,48315.9
2019-12-13,48375.69
2019-12-16,49036.74
2019-12-17,49053.34
2019-12-18,49063.31
2019-12-19,49451.96
2019-12-20,49953.56
2019-12-23,50033.28
2019-12-24,50039.43
2019-12-26,50531.94
2019-12-27,50511.97
2019-12-30,49972.88
2019-12-31,50195.84
2020-01-02,51097.66
2020-01-03,50338.93
2020-01-06,50718.29
2020-01-07,50422.12
2020-01-08,50934.6
2020-01-09,51633.43
2020-01-10,51330.6
2020-01-13,52029.43
2020-01-14,51879.68
2020-01-15,52092.66
2020-01-16,52951.22
2020-01-17,53317.27
2020-01-21,53071.02
2020-01-22,53104.29
2020-01-23,53197.47
2020-01-24,52222.44
2020-01-27,50561.89
2020-01-28,51616.79
2020-01-29,51536.92
2020-01-30,51829.76
2020-01-31,49976.2
2020-02-03,50721.62
2020-02-04,52252.39
2020-02-05,53453.71
2020-02-06,53816.43
2020-02-07,53227.42
2020-02-10,54029.41
2020-02-11,54195.8
2020-02-12,54887.97
2020-02-13,54768.17
2020-02-14,54927.9
2020-02-18,54641.71
2020-02-19,55147.53
2020-02-20,54704.94
2020-02-21,53546.88
2020-02-24,49916.3
2020-02-25,46977.9
2020-02-26,46621.83
2020-02-27,42418.88
2020-02-28,42249.16
2020-03-02,45666.76
2020-03-03,43097.74
2020-03-04,46668.42
2020-03-05,43550.31
2020-03-06,42132.69
2020-03-09,35573.69
2020-03-10,39220.9
2020-03-11,35327.43
2020-03-12,28582.08
2020-03-13,33849.91
2020-03-16,25943.17
2020-03-17,29167.76
2020-03-18,26176.11
2020-03-19,26159.47
2020-03-20,23786.78
2020-03-23,22422.4
2020-03-24,26658.63
2020-03-25,27406.58
2020-03-26,30635.59
2020-03-27,28740.88
2020-03-30,30612.24
2020-03-31,29658.21
2020-04-01,26989.61
2020-04-02,28257.2
2020-04-03,27449.94
2020-04-06,31159.3
2020-04-07,31189.33
2020-04-08,33287.52
2020-04-09,34278.24
2020-04-13,33644.44
2020-04-14,35655.9
2020-04-15,34124.79
2020-04-16,34475.05
2020-04-17,36319.72
2020-04-20,35035.45
2020-04-21,32870.55
2020-04-22,34361.63
2020-04-23,34341.62
2020-04-24,35325.66
2020-04-27,36339.73
2020-04-28,35986.14
2020-04-29,37864.18
2020-04-30,37126.97
2020-05-01,35162.21
2020-05-04,35389.04
2020-05-05,36029.51
2020-05-06,35535.82
2020-05-07,36386.44
2020-05-08,37590.64
2020-05-11,37620.67
2020-05-12,36072.87
2020-05-13,34818.63
2020-05-14,35662.58
2020-05-15,35982.81
2020-05-18,38181.07
2020-05-19,37400.51
2020-05-20,38654.75
2020-05-21,38081
2020-05-22,38241.12
2020-05-26,39225.16
2020-05-27,40352.65
2020-05-28,40219.22
2020-05-29,40526.11
2020-06-01,40899.71
2020-06-02,41576.87
2020-06-03,42691.02
2020-06-04,42427.49
2020-06-05,44622.42
2020-06-08,45736.56
2020-06-09,45039.39
2020-06-10,44515.67
2020-06-11,39365.27
2020-06-12,40339.31
2020-06-15,41056.49
2020-06-16,42640.98
2020-06-17,42284.05
2020-06-18,42307.4
2020-06-19,41810.38
2020-06-22,42397.47
2020-06-23,42747.72
2020-06-24,40589.49
2020-06-25,41416.76
2020-06-26,39485.35
2020-06-29,40629.52
2020-06-30,41723.65
2020-07-01,42254.03
2020-07-02,42697.69
2020-07-06,44018.65
2020-07-07,43097.98
2020-07-08,43765.13
2020-07-09,43271.44
2020-07-10,44158.75
2020-07-13,43411.54
2020-07-14,44502.33
2020-07-15,45352.95
2020-07-16,45042.72
2020-07-17,45269.56
2020-07-20,46033.44
2020-07-21,46190.22
2020-07-22,46713.94
2020-07-23,45626.48
2020-07-24,45029.38
2020-07-27,45663.18
2020-07-28,45106.1
2020-07-29,46190.22
2020-07-30,45869.99
2020-07-31,46600.52
2020-08-03,47244.32
2020-08-04,47594.58
2020-08-05,48195.01
2020-08-06,48838.82
2020-08-07,48895.52
2020-08-10,49185.73
2020-08-11,48385.15
2020-08-12,49716.12
2020-08-13,49552.67
2020-08-14,49549.33
2020-08-17,49862.89
2020-08-18,50056.37
2020-08-19,49676.09
2020-08-20,49969.64
2020-08-21,50303.21
2020-08-24,51343.97
2020-08-25,51704.23
2020-08-26,52731.64
2020-08-27,52965.15
2020-08-28,53625.63
2020-08-31,53258.69
2020-09-01,54246.08
2020-09-02,55813.88
2020-09-03,51984.43
2020-09-04,51110.47
2020-09-08,48321.77
2020-09-09,50229.83
2020-09-10,48461.88
2020-09-11,48508.58
2020-09-14,49769.49
2020-09-15,50296.54
2020-09-16,49889.58
2020-09-17,49042.3
2020-09-18,47888.12
2020-09-21,46820.68
2020-09-22,47768.04
2020-09-23,45546.42
2020-09-24,45786.6
2020-09-25,47261
2020-09-28,48848.82
2020-09-29,48321.77
2020-09-30,49015.61
2020-10-01,49669.42
2020-10-02,48702.05
2020-10-05,50429.97
2020-10-06,48988.92
2020-10-07,50696.83
2020-10-08,51584.14
2020-10-09,52524.83
2020-10-12,54206.05
2020-10-13,53485.52
2020-10-14,52845.06
2020-10-15,52678.27
2020-10-16,52624.9
2020-10-19,51010.39
2020-10-20,51404.01
2020-10-21,51217.21
2020-10-22,51790.96
2020-10-23,52117.86
2020-10-26,50216.48
2020-10-27,49856.22
2020-10-28,46467.09
2020-10-29,47394.43
2020-10-30,46380.36
2020-11-02,47427.79
2020-11-03,49089
2020-11-04,51283.93
2020-11-05,53292.05
2020-11-06,53285.38
2020-11-09,54619.68
2020-11-10,54439.55
2020-11-11,55240.13
2020-11-12,54186.03
2020-11-13,55680.45
2020-11-16,57041.44
2020-11-17,56461.02
2020-11-18,55066.67
2020-11-19,55513.66
2020-11-20,54766.46
2020-11-23,55440.28
2020-11-24,57201.56
2020-11-25,57034.77
2020-11-27,57348.33
2020-11-30,56821.28
2020-12-01,58068.85
2020-12-02,58302.36
2020-12-03,58275.67
2020-12-04,59269.73
2020-12-07,59049.57
2020-12-08,59363.13
2020-12-09,58309.03
2020-12-10,58275.67
2020-12-11,58102.21
2020-12-14,57595.18
2020-12-15,59142.97
2020-12-16,59336.44
2020-12-17,60016.94
2020-12-18,59596.63
2020-12-21,59109.61
2020-12-22,58896.12
2020-12-23,58979
2020-12-24,59433.09
2020-12-28,60468.16
2020-12-29,60254.47
2020-12-30,60394.71
2020-12-31,61002.39
2021-01-04,59339.6
2021-01-05,60140.95
2021-01-06,60868.83
2021-01-07,62658.51
2021-01-08,63393.07
2021-01-11,62524.95
2021-01-12,62531.63
2021-01-13,62885.55
2021-01-14,62418.1
2021-01-15,61509.91
2021-01-19,62484.88
2021-01-20,64194.42
2021-01-21,64321.3
2021-01-22,63853.84
2021-01-25,64348.01
2021-01-26,64154.35
2021-01-27,61002.39
2021-01-28,62010.75
2021-01-29,59600.04
2021-02-01,61529.94
2021-02-02,63279.55
2021-02-03,63399.75
2021-02-04,64828.81
2021-02-05,65322.98
2021-02-08,66264.56
2021-02-09,66157.71
2021-02-10,66137.68
2021-02-11,66344.69
2021-02-12,67005.8
2021-02-16,66885.6
2021-02-17,66925.67
2021-02-18,66338.01
2021-02-19,66044.19
2021-02-22,65089.25
2021-02-23,65229.49
2021-02-24,66651.87
2021-02-25,63453.17
2021-02-26,62752
2021-03-01,65803.78
2021-03-02,64782.07
2021-03-03,63072.53
2021-03-04,61503.23
2021-03-05,63753.68
2021-03-08,63125.96
2021-03-09,64908.95
2021-03-10,65716.97
2021-03-11,67065.9
2021-03-12,67259.56
2021-03-15,68067.58
2021-03-16,67900.64
2021-03-17,68287.95
2021-03-18,66304.63
2021-03-19,66044.19
2021-03-22,67119.33
2021-03-23,66070.64
2021-03-24,65409.06
2021-03-25,66117.41
2021-03-26,68235.79
2021-03-29,68168.96
2021-03-30,67808.11
2021-03-31,68369.44
2021-04-01,69799.51
2021-04-05,71804.29
2021-04-06,71724.1
2021-04-07,71897.84
2021-04-08,72566.1
2021-04-09,73621.95
2021-04-12,73688.77
2021-04-13,74096.41
2021-04-14,73628.63
2021-04-15,75178.99
2021-04-16,75706.91
2021-04-19,74971.83
2021-04-20,73849.16
2021-04-21,75225.77
2021-04-22,73869.2
2021-04-23,75452.97
2021-04-26,75773.74
2021-04-27,75726.96
2021-04-28,75633.4
2021-04-29,76615.74
2021-04-30,75620.04
2021-05-03,75927.44
2021-05-04,74991.88
2021-05-05,75025.29
2021-05-06,76248.2
2021-05-07,77310.73
2021-05-10,75833.88
2021-05-11,74490.68
2021-05-12,71296.41
2021-05-13,72987.1
2021-05-14,75212.4
2021-05-17,74858.22
2021-05-18,73548.44
2021-05-19,73180.9
2021-05-20,74724.57
2021-05-21,74631.02
2021-05-24,76114.55
2021-05-25,75800.47
2021-05-26,76081.14
2021-05-27,76127.91
2021-05-28,76441.99
2021-06-01,76288.3
2021-06-02,76555.6
2021-06-03,75980.9
2021-06-04,77337.46
2021-06-07,77217.17
2021-06-08,77223.86
2021-06-09,76969.92
2021-06-10,77678.27
2021-06-11,77945.57
2021-06-14,78326.48
2021-06-15,78019.08
2021-06-16,77130.3
2021-06-17,77056.79
2021-06-18,74998.56
2021-06-21,77116.94
2021-06-22,77928.1
2021-06-23,77747.6
2021-06-24,78656.78
2021-06-25,79204.95
2021-06-28,79532.52
2021-06-29,79619.43
2021-06-30,79779.87
2021-07-01,80628.88
2021-07-02,81872.31
2021-07-06,81551.42
2021-07-07,82126.34
2021-07-08,80796.01
2021-07-09,82460.59
2021-07-12,83109.05
2021-07-13,82534.13
2021-07-14,82741.37
2021-07-15,82186.5
2021-07-16,80889.6
2021-07-19,78476.28
2021-07-20,80735.84
2021-07-21,82052.8
2021-07-22,82420.48
2021-07-23,84044.96
2021-07-26,84472.81
2021-07-27,83697.33
2021-07-28,83623.8
2021-07-29,84312.36
2021-07-30,83503.47
2021-08-02,83155.84
2021-08-03,84499.55
2021-08-04,83663.91
2021-08-05,84726.84
2021-08-06,84994.24
2021-08-09,84867.23
2021-08-10,85034.35
2021-08-11,85468.88
2021-08-12,85950.21
2021-08-13,86284.47
2021-08-16,86698.94
2021-08-17,85582.53
2021-08-18,83677.28
2021-08-19,83884.52
2021-08-20,85254.96
2021-08-23,86759.11
2021-08-24,87013.14
2021-08-25,87400.88
2021-08-26,86364.69
2021-08-27,87882.2
2021-08-30,88657.67
2021-08-31,88450.43
2021-09-01,88497.23
2021-09-02,89025.35
2021-09-03,88991.93
2021-09-07,88350.16
2021-09-08,88142.92
2021-09-09,87354.08
2021-09-10,86010.38
2021-09-13,86378.06
2021-09-14,85475.57
2021-09-15,86866.07
2021-09-16,86571.92
2021-09-17,84927.39
2021-09-20,82079.54
2021-09-21,81959.21
2021-09-22,83495.77
2021-09-23,85548.73
2021-09-24,85822.9
2021-09-27,85348.12
2021-09-28,81870.8
2021-09-29,82138.28
2021-09-30,80125.45
2021-10-01,82017.91
2021-10-04,79938.21
2021-10-05,81569.87
2021-10-06,82251.96
2021-10-07,83656.27
2021-10-08,83335.28
2021-10-11,82151.66
2021-10-12,81737.05
2021-10-13,82312.15
2021-10-14,85060.57
2021-10-15,86371.25
2021-10-18,86919.6
2021-10-19,88210.22
2021-10-20,88892.31
2021-10-21,89387.15
2021-10-22,89186.54
2021-10-25,90095.99
2021-10-26,90303.29
2021-10-27,89460.71
2021-10-28,91199.37
2021-10-29,91567.17
2021-11-01,91894.84
2021-11-02,92623.74
2021-11-03,93780.61
2021-11-04,94609.82
2021-11-05,95271.85
2021-11-08,95452.4
2021-11-09,94830.5
2021-11-10,93279.08
2021-11-11,93345.95
2021-11-12,94736.88
2021-11-15,94763.62
2021-11-16,95492.52
2021-11-17,95044.48
2021-11-18,95679.76
2021-11-19,95338.72
2021-11-22,94797.06
2021-11-23,95104.67
2021-11-24,95499.21
2021-11-26,91366.55
2021-11-29,93533.19
2021-11-30,89995.69
2021-12-01,87875.86
2021-12-02,90497.22
2021-12-03,88999.3
2021-12-06,91072.32
2021-12-07,94830.5
2021-12-08,95318.66
2021-12-09,94028.04
2021-12-10,95786.76
2021-12-13,94135.03
2021-12-14,92790.91
2021-12-15,95706.51
2021-12-16,94007.98
2021-12-17,92001.83
2021-12-20,90015.75
2021-12-21,93238.95
2021-12-22,95084.61
2021-12-23,96264.45
2021-12-27,98988.09
2021-12-28,98834.18
2021-12-29,99075.09
2021-12-30,98526.34
2021-12-31,97950.83
2022-01-03,99108.55
2022-01-04,99055.01
2022-01-05,95287.41
2022-01-06,95059.89
2022-01-07,94343.84
2022-01-10,94082.85
2022-01-11,95742.47
2022-01-12,96291.21
2022-01-13,93621.11
2022-01-14,93674.64
2022-01-18,90408.95
2022-01-19,88481.65
2022-01-20,86540.97
2022-01-21,83087.89
2022-01-24,83797.25
2022-01-25,81736.11
2022-01-26,81401.51
2022-01-27,80531.55
2022-01-28,84519.98
2022-01-31,87571.54
2022-02-01,88776.1
2022-02-02,90489.25
2022-02-03,86233.14
2022-02-04,87076.33
2022-02-07,86474.05
2022-02-08,87879.37
2022-02-09,90395.56
2022-02-10,87210.17
2022-02-11,83716.94
2022-02-14,83208.35
2022-02-15,85858.38
2022-02-16,86072.53
2022-02-17,82405.31
2022-02-18,81294.44
2022-02-22,79581.29
2022-02-23,76717.11
2022-02-24,78992.39
2022-02-25,82485.61
2022-02-28,82070.71
2022-03-01,79581.29
2022-03-02,82445.46
2022-03-03,81669.19
2022-03-04,80330.79
2022-03-07,75606.24
2022-03-08,74441.83
2022-03-09,78403.49
2022-03-10,77720.91
2022-03-11,75740.08
2022-03-14,74615.82
2022-03-15,77854.75
2022-03-16,81347.97
2022-03-17,83368.96
2022-03-18,85149.03
2022-03-21,85189.18
2022-03-22,87116.48
2022-03-23,84881.67
2022-03-24,87426.25
2022-03-25,88269.98
2022-03-28,89502.09
2022-03-29,91792.2
2022-03-30,90667.23
2022-03-31,87868.2
2022-04-01,88283.37
2022-04-04,89796.72
2022-04-05,87573.57
2022-04-06,85778.97
2022-04-07,86636.09
2022-04-08,86194.14
2022-04-11,83234.4
2022-04-12,82591.56
2022-04-13,84506.68
2022-04-14,82417.45
2022-04-18,82444.24
2022-04-19,85055.78
2022-04-20,84935.24
2022-04-21,82404.06
2022-04-22,77877.4
2022-04-25,78747.91
2022-04-26,74207.85
2022-04-27,74623.02
2022-04-28,78399.7
2022-04-29,72587.36
2022-05-02,73457.87
2022-05-03,74154.28
2022-05-04,78640.77
2022-05-05,73096.27
2022-05-06,72172.19
2022-05-09,67578.56
2022-05-10,67846.41
2022-05-11,65676.83
2022-05-12,65556.29
2022-05-13,68663.35
2022-05-16,68154.44
2022-05-17,70873.12
2022-05-18,65194.7
2022-05-19,64337.58
2022-05-20,64391.15
2022-05-23,66828.58
2022-05-24,65824.14
2022-05-25,67016.08
2022-05-26,69627.61
2022-05-27,73056.1
2022-05-31,72212.37
2022-06-01,71060.61
2022-06-02,73712.33
2022-06-03,71328.46
2022-06-06,71730.24
2022-06-07,73082.88
2022-06-08,71515.96
2022-06-09,68100.87
2022-06-10,64123.3
2022-06-13,59235.03
2022-06-14,58860.04
2022-06-15,60520.71
2022-06-16,56623.5
2022-06-17,56717.24
2022-06-21,59596.63
2022-06-22,59368.96
2022-06-23,60560.89
2022-06-24,64377.75
2022-06-27,63922.41
2022-06-28,61297.48
2022-06-29,61150.16
2022-06-30,60132.33
2022-07-01,61391.23
2022-07-05,61632.29
2022-07-06,62074.24
2022-07-07,63868.84
2022-07-08,63775.09
2022-07-11,62342.09
2022-07-12,61217.12
2022-07-13,60560.89
2022-07-14,60226.08
2022-07-15,62529.59
2022-07-18,61498.37
2022-07-19,64819.71
2022-07-20,65663.43
2022-07-21,66975.9
2022-07-22,65743.79
2022-07-25,65864.32
2022-07-26,64284.01
2022-07-27,67645.52
2022-07-28,69319.59
2022-07-29,71368.64
2022-08-01,70913.3
2022-08-02,69989.21
2022-08-03,72145.41
2022-08-04,72038.27
2022-08-05,71730.24
2022-08-08,71623.1
2022-08-09,71020.44
2022-08-10,73993.57
2022-08-11,74006.96
2022-08-12,76457.79
2022-08-15,77114.02
2022-08-16,77395.27
2022-08-17,76310.47
2022-08-18,76698.86
2022-08-19,74636.41
2022-08-22,71529.35
2022-08-23,71140.97
2022-08-24,71596.31
2022-08-25,73605.19
2022-08-26,68609.78
2022-08-29,67672.31
2022-08-30,66172.35
2022-08-31,65167.91
2022-09-01,65542.9
2022-09-02,64163.47
2022-09-06,63681.34
2022-09-07,65971.46
2022-09-08,66801.8
2022-09-09,68877.63
2022-09-12,70337.42
2022-09-13,64243.83
2022-09-14,64672.39
2022-09-15,63212.61
2022-09-16,62261.74
2022-09-19,63185.82
2022-09-20,61739.43
2022-09-21,59569.85
2022-09-22,58525.23
2022-09-23,56556.53
2022-09-26,55471.74
2022-09-27,55150.32
2022-09-28,57306.51
2022-09-29,54936.04
2022-09-30,53195.02
2022-10-03,56020.83
2022-10-04,59435.92
2022-10-05,59194.86
2022-10-06,57922.57
2022-10-07,54694.98
2022-10-10,53837.86
2022-10-11,53128.05
2022-10-12,52793.24
2022-10-13,55565.49
2022-10-14,53034.31
2022-10-17,55726.2
2022-10-18,57011.88
2022-10-19,56248.51
2022-10-20,55257.46
2022-10-21,57935.96
2022-10-24,59342.17
2022-10-25,61217.12
2022-10-26,60306.43
2022-10-27,59610.02
2022-10-28,62449.23
2022-10-31,61565.33
2022-11-01,61002.84
2022-11-02,57909.18
2022-11-03,56690.46
2022-11-04,58324.34
2022-11-07,59449.31
2022-11-08,60078.76
2022-11-09,57574.36
2022-11-10,63882.23
2022-11-11,65154.52
2022-11-14,64042.94
2022-11-15,65141.13
2022-11-16,64123.3
2022-11-17,63681.34
2022-11-18,64230.44
2022-11-21,63721.52
2022-11-22,65422.37
2022-11-23,66252.7
2022-11-25,66199.13
2022-11-28,64083.12
2022-11-29,63868.84
2022-11-30,67792.84
2022-12-01,67766.06
2022-12-02,67565.17
2022-12-05,65127.73
2022-12-06,63252.78
2022-12-07,62998.33
2022-12-08,63949.19
2022-12-09,63011.72
2022-12-12,64792.92
2022-12-13,65810.75
2022-12-14,64967.02
2022-12-15,61739.43
2022-12-16,60266.26
2022-12-19,59194.86
2022-12-20,59368.96
2022-12-21,61163.55
2022-12-22,59384.31
2022-12-23,60043.24
2022-12-27,59545.68
2022-12-28,58066.45
2022-12-29,60097.03
2022-12-30,59774.29
2023-01-03,59236.39
2023-01-04,60177.72
2023-01-05,58765.73
2023-01-06,61441.78
2023-01-09,61387.99
2023-01-10,62248.64
2023-01-11,63768.21
2023-01-12,64211.98
2023-01-13,64722.98
2023-01-17,64467.48
2023-01-18,62450.35
2023-01-19,61482.13
2023-01-20,63754.76
2023-01-23,65233.99
2023-01-24,65086.07
2023-01-25,65180.2
2023-01-26,66565.3
2023-01-27,66861.14
2023-01-30,65166.75
2023-01-31,67076.3
2023-02-01,68501.74
2023-02-02,70451.63
2023-02-03,68958.96
2023-02-06,68084.87
2023-02-07,69886.84
2023-02-08,68340.37
2023-02-09,67103.2
2023-02-10,67385.59
2023-02-13,68972.4
2023-02-14,68905.17
2023-02-15,69348.93
2023-02-16,67385.59
2023-02-17,67022.51
2023-02-21,64319.56
2023-02-22,64171.63
2023-02-23,64790.22
2023-02-24,63364.78
2023-02-27,63768.21
2023-02-28,63297.54
2023-03-01,62840.33
2023-03-02,63768.21
2023-03-03,65798.79
2023-03-06,65866.02
2023-03-07,63848.89
2023-03-08,64037.16
2023-03-09,61643.5
2023-03-10,59841.53
2023-03-13,59612.92
2023-03-14,61630.05
2023-03-15,60876.99
2023-03-16,62907.57
2023-03-17,61509.02
2023-03-20,62625.17
2023-03-21,64265.77
2023-03-22,62087.27
2023-03-23,62369.66
2023-03-24,63176.52
2023-03-27,63432.02
2023-03-28,63149.62
2023-03-29,64951.59
2023-03-30,65664.31
2023-03-31,67506.62
2023-04-03,68004.18
2023-04-04,67278.01
2023-04-05,66861.14
2023-04-06,67345.25
2023-04-10,67493.18
2023-04-11,67520.07
2023-04-12,66982.17
2023-04-13,68690.01
2023-04-14,68367.26
2023-04-17,68851.38
2023-04-18,68918.61
2023-04-19,68891.72
2023-04-20,68098.31
2023-04-21,68152.1
2023-04-24,68300.03
2023-04-25,66108.08
2023-04-26,65556.73
2023-04-27,68125.21
2023-04-28,69241.35
2023-05-01,69120.33
2023-05-02,67546.97
2023-05-03,66605.64
2023-05-04,65637.42
2023-05-05,68044.52
2023-05-08,68084.87
2023-05-09,67493.18
2023-05-10,68098.31
2023-05-11,67829.36
2023-05-12,67614.2
2023-05-15,68057.97
2023-05-16,67170.43
2023-05-17,68770.69
2023-05-18,70075.1
2023-05-19,69846.49
2023-05-22,69859.94
2023-05-23,68326.92
2023-05-24,67291.46
2023-05-25,68434.5
2023-05-26,70182.68
2023-05-30,70196.13
2023-05-31,69443.07
2023-06-01,70707.14
2023-06-02,72791.5
2023-06-05,72441.87
2023-06-06,72778.06
2023-06-07,72280.5
2023-06-08,73114.24
2023-06-09,73329.41
2023-06-12,74674.16
2023-06-13,75615.49
2023-06-14,75803.75
2023-06-15,77619.17
2023-06-16,77054.37
2023-06-20,76301.31
2023-06-21,75454.12
2023-06-22,75992.02
2023-06-23,74795.19
2023-06-26,74190.05
2023-06-27,75817.2
2023-06-28,75897.88
2023-06-29,76422.34
2023-06-30,78197.41
2023-07-03,78399.13
2023-07-05,78103.28
2023-07-06,76852.66
2023-07-07,76462.68
2023-07-10,76825.76
2023-07-11,77807.43
2023-07-12,79044.61
2023-07-13,80201.1
2023-07-14,80106.96
2023-07-17,80644.86
2023-07-18,81814.8
2023-07-19,82150.99
2023-07-20,81048.29
2023-07-21,81061.74
2023-07-24,81747.56
2023-07-25,82204.78
2023-07-26,82204.78
2023-07-27,81075.18
2023-07-28,82608.2
2023-07-31,82957.84
2023-08-01,82419.94
2023-08-02,80174.2
2023-08-03,79622.85
2023-08-04,78923.58
2023-08-07,80254.89
2023-08-08,79555.61
2023-08-09,78466.36
2023-08-10,78493.26
2023-08-11,78372.23
2023-08-14,79232.87
2023-08-15,77390.56
2023-08-16,76166.83
2023-08-17,74970
2023-08-18,75023.79
2023-08-21,76032.36
2023-08-22,75588.59
2023-08-23,77242.64
2023-08-24,75104.48
2023-08-25,76113.04
2023-08-28,77081.27
2023-08-29,79300.11
2023-08-30,79918.7
2023-08-31,79622.85
2023-09-01,79932.14
2023-09-05,79219.43
2023-09-06,78116.73
2023-09-07,77619.17
2023-09-08,77847.78
2023-09-11,78842.89
2023-09-12,77955.36
2023-09-13,78143.62
2023-09-14,79434.59
2023-09-15,77498.14
2023-09-18,77592.27
2023-09-19,77269.53
2023-09-20,75763.41
2023-09-21,73302.51
2023-09-22,72912.53
2023-09-25,73504.22
2023-09-26,71339.17
2023-09-27,71392.96
2023-09-28,72186.36
2023-09-29,71782.94
2023-10-02,71742.6
2023-10-03,69833.05
2023-10-04,70814.72
2023-10-05,70707.14
2023-10-06,72347.74
2023-10-09,73262.17
2023-10-10,73988.33
2023-10-11,74620.37
2023-10-12,73705.94
2023-10-13,72952.87
2023-10-16,74459
2023-10-17,74432.1
2023-10-18,72455.32
2023-10-19,71083.67
2023-10-20,69348.93
2023-10-23,69093.43
2023-10-24,70115.44
2023-10-25,68111.76
2023-10-26,66444.27
2023-10-27,65798.79
2023-10-30,67385.59
2023-10-31,68192.45
2023-11-01,69617.89
2023-11-02,72293.95
2023-11-03,73571.46
2023-11-06,73894.2
2023-11-07,74284.18
2023-11-08,74391.76
2023-11-09,73194.93
2023-11-10,75494.46
2023-11-13,75333.09
2023-11-14,78210.86
2023-11-15,78560.5
2023-11-16,78694.97
2023-11-17,78883.24
2023-11-20,80080.07
2023-11-21,79690.09
2023-11-22,80268.33
2023-11-24,80335.57
2023-11-27,80053.17
2023-11-28,80174.2
2023-11-29,80093.51
2023-11-30,80644.86
2023-12-01,81572.74
2023-12-04,80698.65
2023-12-05,80671.76
2023-12-06,79999.38
2023-12-07,81169.32
2023-12-08,81841.69
2023-12-11,82487.18
2023-12-12,83240.24
2023-12-13,85472.53
2023-12-14,86037.33
2023-12-15,85701.14
2023-12-18,86682.81
2023-12-19,87704.82
2023-12-20,85106.94
2023-12-21,86777.56
2023-12-22,87127.85
2023-12-26,87801.48
2023-12-27,88124.83
2023-12-28,88138.3
2023-12-29,87666.75
2024-01-02,86629.36
2024-01-03,85187.78
2024-01-04,84594.98
2024-01-05,84810.55
2024-01-08,87222.16
2024-01-09,86912.28
2024-01-10,87895.79
2024-01-11,87774.54
2024-01-12,87841.9
2024-01-16,87181.74
2024-01-17,86211.7
2024-01-18,87693.7
2024-01-19,89849.33
2024-01-22,90226.56
2024-01-23,90778.94
2024-01-24,90900.2
2024-01-25,91883.7
2024-01-26,91641.2
2024-01-29,93042.35
2024-01-30,92853.74
2024-01-31,89849.33
2024-02-01,92139.69
2024-02-02,94039.33
2024-02-05,93352.23
2024-02-06,93850.72
2024-02-07,95386.6
2024-02-08,95467.44
2024-02-09,96558.73
2024-02-12,96410.53
2024-02-13,93769.88
2024-02-14,95440.49
2024-02-15,96693.45
2024-02-16,95709.95
2024-02-20,94659.08
2024-02-21,94780.33
2024-02-22,98673.94
2024-02-23,98795.19
2024-02-26,98054.19
2024-02-27,98364.07
2024-02-28,98067.67
2024-02-29,98741.3
2024-03-01,100587.06
2024-03-04,100317.6
2024-03-05,98323.65
2024-03-06,99307.15
2024-03-07,101260.69
2024-03-08,100034.68
2024-03-11,99805.64
2024-03-12,101934.33
2024-03-13,101624.45
2024-03-14,101112.49
2024-03-15,99711.33
2024-03-18,100923.87
2024-03-19,102042.11
2024-03-20,103830.92
2024-03-21,104438.59
2024-03-22,104128.01
2024-03-25,103506.83
2024-03-26,103034.2
2024-03-27,104762.69
2024-03-28,104681.66
2024-04-01,104317.06
2024-04-02,102926.17
2024-04-03,103155.73
2024-04-04,100535.99
2024-04-05,102656.09
2024-04-08,102723.61
2024-04-09,102939.67
2024-04-10,100887.09
2024-04-11,102359
2024-04-12,99469.19
2024-04-15,96970.98
2024-04-16,96619.88
2024-04-17,95418.04
2024-04-18,94972.41
2024-04-19,93324.94
2024-04-22,94972.41
2024-04-23,97281.57
2024-04-24,97160.03
2024-04-25,96309.29
2024-04-26,98186.32
2024-04-29,98834.51
2024-04-30,95701.62
2024-05-01,95053.43
2024-05-02,96768.42
2024-05-03,99199.11
2024-05-06,101211.18
2024-05-07,101413.74
2024-05-08,101427.24
2024-05-09,102507.55
2024-05-10,102804.63
2024-05-13,102804.63
2024-05-14,103682.38
2024-05-15,106234.6
2024-05-16,105734.96
2024-05-17,106072.56
2024-05-20,106275.11
2024-05-21,106761.25
2024-05-22,106099.56
2024-05-23,104519.62
2024-05-24,105910.51
2024-05-28,106005.04
2024-05-29,104492.61
2024-05-30,103074.71
2024-05-31,104884.22
2024-06-03,105046.27
2024-06-04,105248.82
2024-06-05,107787.54
2024-06-06,107733.53
2024-06-07,107395.93
2024-06-10,108044.12
2024-06-11,108530.25
2024-06-12,110339.77
2024-06-13,110717.87
2024-06-14,110798.9
2024-06-17,112540.89
2024-06-18,113094.55
2024-06-20,112432.86
2024-06-21,111946.72
2024-06-24,111298.54
2024-06-25,112216.8
2024-06-26,112474.95
2024-06-27,112772.72
2024-06-28,111798.21
2024-07-01,112285.46
2024-07-02,113747.23
2024-07-03,114708.21
2024-07-05,116048.16
2024-07-08,116251.19
2024-07-09,116454.21
2024-07-10,118741.61
2024-07-11,116630.16
2024-07-12,118051.33
2024-07-15,118687.47
2024-07-16,120108.63
2024-07-17,116684.3
2024-07-18,114870.63
2024-07-19,113300.58
2024-07-22,115628.58
2024-07-23,115222.53
2024-07-24,109943.93
2024-07-25,108766.39
2024-07-26,111121.46
2024-07-29,111324.48
2024-07-30,110133.41
2024-07-31,113530.67
2024-08-01,110458.25
2024-08-02,106303.04
2024-08-05,100049.92
2024-08-06,101917.74
2024-08-07,100483.04
2024-08-08,105111.97
2024-08-09,106005.27
2024-08-12,106072.95
2024-08-13,109592.02
2024-08-14,110268.76
2024-08-15,114031.46
2024-08-16,114423.98
2024-08-19,116603.09
2024-08-20,116210.58
2024-08-21,117036.21
2024-08-22,115141.32
2024-08-23,117496.4
2024-08-26,116914.4
2024-08-27,117239.23
2024-08-28,115872.21
2024-08-29,115818.07
2024-08-30,117956.58
2024-09-03,113111.09
2024-09-04,112569.69
2024-09-05,112028.3
2024-09-06,108252.06
2024-09-09,110593.6
2024-09-10,111554.58
2024-09-11,113774.3
2024-09-12,115723.32
2024-09-13,116846.72
2024-09-16,117212.16
2024-09-17,117293.37
2024-09-18,116521.88
2024-09-19,120501.14
2024-09-20,119959.75
2024-09-23,120582.35
2024-09-24,121272.63
2024-09-25,120723.82
2024-09-26,121659.55
2024-09-27,121239.15
2024-09-30,122283.38
2024-10-01,120005.06
2024-10-02,120059.31
2024-10-03,119611.78
2024-10-04,121700.24
2024-10-07,119543.97
2024-10-08,121740.92
2024-10-09,123381.86
2024-10-10,122975.01
2024-10-11,124317.59
2024-10-14,126365.37
2024-10-15,124385.4
2024-10-16,125429.63
2024-10-17,125416.07
2024-10-18,126338.25
2024-10-21,125944.97
2024-10-22,125755.11
2024-10-23,123408.98
2024-10-24,123924.31
2024-10-25,123829.38
2024-10-28,124534.58
2024-10-29,124914.3
2024-10-30,124127.73
2024-10-31,119232.06
2024-11-01,120194.92
2024-11-04,119679.59
2024-11-05,122541.05
2024-11-06,128616.57
2024-11-07,130582.97
2024-11-08,131667.89
2024-11-11,131857.75
2024-11-12,131016.94
2024-11-13,131152.55
2024-11-14,129416.69
2024-11-15,126026.33
2024-11-18,127084.13
2024-11-19,127938.49
2024-11-20,128033.42
2024-11-21,129348.88
2024-11-22,130081.2
2024-11-25,130935.57
2024-11-26,132359.52
2024-11-27,131450.9
2024-11-29,132996.91
2024-12-02,133498.68
2024-12-03,133566.49
2024-12-04,135207.42
2024-12-05,134759.89
2024-12-06,135248.1
2024-12-09,133797.03
2024-12-10,132996.91
2024-12-11,134990.44
2024-12-12,133566.49
2024-12-13,133471.56
2024-12-16,134556.47
2024-12-17,133390.19
2024-12-18,125700.86
2024-12-19,125348.26
2024-12-20,128196.16
2024-12-23,129816.27
2024-12-24,132562.69
2024-12-26,132589.89
2024-12-27,129761.88
2024-12-30,126770.72
2024-12-31,125778.2
2025-01-02,125111.99
2025-01-03,128184.73
2025-01-06,129707.5
2025-01-07,126784.32
2025-01-08,127015.46
2025-01-10,123126.95
2025-01-13,123507.64
2025-01-14,123806.76
2025-01-15,128279.9
2025-01-16,127790.44
2025-01-17,130224.15
2025-01-21,132589.89
2025-01-22,134031.08
2025-01-23,135513.06
2025-01-24,134670.1
2025-01-27,130849.58
2025-01-28,133052.16
2025-01-29,131855.69
2025-01-30,133215.31
2025-01-31,131733.33
2025-02-03,129938.63
2025-02-04,131678.94
2025-02-05,132712.25
2025-02-06,133623.2
2025-02-07,131121.5
2025-02-10,132861.81
2025-02-11,133011.37
2025-02-12,132195.6
2025-02-13,134955.62
2025-02-14,134874.04
2025-02-18,135581.04
2025-02-19,136247.26
2025-02-20,135091.58
2025-02-21,130414.5
