Date,UPRO
2009-06-25,10000
2009-06-26,9948.16
2009-06-29,10230.41
2009-06-30,9986.18
2009-07-01,10093.32
2009-07-02,9260.37
2009-07-06,9285.71
2009-07-07,8707.37
2009-07-08,8717.74
2009-07-09,8771.89
2009-07-10,8687.79
2009-07-13,9322.58
2009-07-14,9513.82
2009-07-15,10327.19
2009-07-16,10603.69
2009-07-17,10585.25
2009-07-20,10906.68
2009-07-21,11087.56
2009-07-22,11066.82
2009-07-23,11801.84
2009-07-24,11956.22
2009-07-27,12057.6
2009-07-28,11955.07
2009-07-29,11796.08
2009-07-30,12164.75
2009-07-31,12200.46
2009-08-03,12814.52
2009-08-04,12937.79
2009-08-05,12845.62
2009-08-06,12604.84
2009-08-07,13104.84
2009-08-10,13013.82
2009-08-11,12518.43
2009-08-12,12953.92
2009-08-13,13246.47
2009-08-14,12929.72
2009-08-17,11968.89
2009-08-18,12297.24
2009-08-19,12579.49
2009-08-20,12990.78
2009-08-21,13716.59
2009-08-24,13714.29
2009-08-25,13805.3
2009-08-26,13801.84
2009-08-27,13929.72
2009-08-28,13880.18
2009-08-31,13539.17
2009-09-01,12614.06
2009-09-02,12494.24
2009-09-03,12770.74
2009-09-04,13329.49
2009-09-08,13679.72
2009-09-09,14001.15
2009-09-10,14427.42
2009-09-11,14406.68
2009-09-14,14649.77
2009-09-15,14816.82
2009-09-16,15474.65
2009-09-17,15400.92
2009-09-18,15445.85
2009-09-21,15315.67
2009-09-22,15603.69
2009-09-23,15185.48
2009-09-24,14695.08
2009-09-25,14469.15
2009-09-28,15222.99
2009-09-29,15136.54
2009-09-30,14937.13
2009-10-01,13807.54
2009-10-02,13654.24
2009-10-05,14224.8
2009-10-06,14850.68
2009-10-07,14964.33
2009-10-08,15326.73
2009-10-09,15572.24
2009-10-12,15772.8
2009-10-13,15688.66
2009-10-14,16486.29
2009-10-15,16634.98
2009-10-16,16278.81
2009-10-19,16681.08
2009-10-20,16433.26
2009-10-21,15983.73
2009-10-22,16440.18
2009-10-23,15893.83
2009-10-26,15333.64
2009-10-27,15146.91
2009-10-28,14297.41
2009-10-29,15204.54
2009-10-30,13906.67
2009-11-02,14189.06
2009-11-03,14328.53
2009-11-04,14404.61
2009-11-05,15221.83
2009-11-06,15370.53
2009-11-09,16402.14
2009-11-10,16388.31
2009-11-11,16661.49
2009-11-12,16131.27
2009-11-13,16425.2
2009-11-16,17127.16
2009-11-17,17189.4
2009-11-18,17166.35
2009-11-19,16492.05
2009-11-20,16345.66
2009-11-23,16951.96
2009-11-24,16995.76
2009-11-25,17170.96
2009-11-27,16341.11
2009-11-30,16519.71
2009-12-01,17062.61
2009-12-02,17111.02
2009-12-03,16702.98
2009-12-04,16966.94
2009-12-07,16888.56
2009-12-08,16356.04
2009-12-09,16496.66
2009-12-10,16783.67
2009-12-11,17031.49
2009-12-14,17350.77
2009-12-15,17097.19
2009-12-16,17174.42
2009-12-17,16575.04
2009-12-18,16836.69
2009-12-21,17327.72
2009-12-22,17534.04
2009-12-23,17654.82
2009-12-24,17931.63
2009-12-28,18050.43
2009-12-29,17931.63
2009-12-30,17876.27
2009-12-31,17378.01
2010-01-04,18252.27
2010-01-05,18409.13
2010-01-06,18462.19
2010-01-07,18687.1
2010-01-08,18869.33
2010-01-11,18936.23
2010-01-12,18421.82
2010-01-13,18891.24
2010-01-14,19031.96
2010-01-15,18401.06
2010-01-19,19090.78
2010-01-20,18512.93
2010-01-21,17428.76
2010-01-22,16298.44
2010-01-25,16499.13
2010-01-26,16291.52
2010-01-27,16534.9
2010-01-28,15955.89
2010-01-29,15433.4
2010-02-01,16155.42
2010-02-02,16754.03
2010-02-03,16504.9
2010-02-04,14990.51
2010-02-05,15077.01
2010-02-08,14752.91
2010-02-09,15285.77
2010-02-10,15201.58
2010-02-11,15657.16
2010-02-12,15614.26
2010-02-16,16360.72
2010-02-17,16589.09
2010-02-18,16902.81
2010-02-19,17013.31
2010-02-22,16985.97
2010-02-23,16374.56
2010-02-24,16834.76
2010-02-25,16778.25
2010-02-26,16812.85
2010-03-01,17319.18
2010-03-02,17439.14
2010-03-03,17508.34
2010-03-04,17662.89
2010-03-05,18431.04
2010-03-08,18428.74
2010-03-09,18520.89
2010-03-10,18772.45
2010-03-11,19014.66
2010-03-12,19000.82
2010-03-15,19031.96
2010-03-16,19486.39
2010-03-17,19820.87
2010-03-18,19804.72
2010-03-19,19482.93
2010-03-22,19800.11
2010-03-23,20236.09
2010-03-24,19944.74
2010-03-25,19827.05
2010-03-26,19837.43
2010-03-29,20177.81
2010-03-30,20213.58
2010-03-31,19990.89
2010-04-01,20415.49
2010-04-05,20896.63
2010-04-06,21048.93
2010-04-07,20715.48
2010-04-08,20896.63
2010-04-09,21309.69
2010-04-12,21429.69
2010-04-13,21496.61
2010-04-14,22185.44
2010-04-15,22270.82
2010-04-16,21207.01
2010-04-19,21405.46
2010-04-20,21987.67
2010-04-21,21865.83
2010-04-22,22067.75
2010-04-23,22502.73
2010-04-26,22239.66
2010-04-27,20664.72
2010-04-28,21110.09
2010-04-29,21918.91
2010-04-30,20806.63
2010-05-03,21641.99
2010-05-04,20079.75
2010-05-05,19745.13
2010-05-06,17778.12
2010-05-07,16994.45
2010-05-10,19198.22
2010-05-11,19032.08
2010-05-12,19839.74
2010-05-13,19101.3
2010-05-14,18069.8
2010-05-17,18089.41
2010-05-18,17368.28
2010-05-19,17059.06
2010-05-20,15103.36
2010-05-21,15652.57
2010-05-24,15167.97
2010-05-25,15218.74
2010-05-26,14903.75
2010-05-27,16431.39
2010-05-28,15781.8
2010-06-01,15021.44
2010-06-02,16170.63
2010-06-03,16337.93
2010-06-04,14696.06
2010-06-07,14088.01
2010-06-08,14496.45
2010-06-09,14277.23
2010-06-10,15563.73
2010-06-11,15767.95
2010-06-14,15717.18
2010-06-15,16762.53
2010-06-16,16747.53
2010-06-17,16827.15
2010-06-18,16879.07
2010-06-21,16714.07
2010-06-22,15908.18
2010-06-23,15758
2010-06-24,14981.65
2010-06-25,15268.16
2010-06-28,15002.45
2010-06-29,13636.91
2010-06-30,13165.55
2010-07-01,13081.22
2010-07-02,12853.63
2010-07-06,13092.77
2010-07-07,14328.92
2010-07-08,14749.44
2010-07-09,15068.3
2010-07-12,15112.2
2010-07-13,15797.28
2010-07-14,15791.5
2010-07-15,15803.05
2010-07-16,14496.43
2010-07-19,14765.61
2010-07-20,15235.81
2010-07-21,14662.79
2010-07-22,15628.61
2010-07-23,16030.66
2010-07-26,16552.83
2010-07-27,16520.48
2010-07-28,16209.71
2010-07-29,15969.41
2010-07-30,15953.24
2010-08-02,17031.12
2010-08-03,16794.28
2010-08-04,17124.69
2010-08-05,17063.46
2010-08-06,16852.05
2010-08-09,17120.07
2010-08-10,16872.84
2010-08-11,15480.73
2010-08-12,15200
2010-08-13,15032.48
2010-08-16,15027.86
2010-08-17,15545.43
2010-08-18,15654.02
2010-08-19,14849.95
2010-08-20,14712.47
2010-08-23,14516.07
2010-08-24,13895.69
2010-08-25,14010.06
2010-08-26,13736.26
2010-08-27,14383.22
2010-08-30,13766.3
2010-08-31,13805.58
2010-09-01,14998.98
2010-09-02,15418.35
2010-09-03,16004.07
2010-09-07,15494.6
2010-09-08,15796.12
2010-09-09,16017.94
2010-09-10,16267.48
2010-09-13,16797.98
2010-09-14,16760.79
2010-09-15,16979.13
2010-09-16,16947.94
2010-09-17,16960.64
2010-09-20,17767.03
2010-09-21,17622.91
2010-09-22,17399.75
2010-09-23,16958.05
2010-09-24,17974.42
2010-09-27,17748.95
2010-09-28,17936.26
2010-09-29,17804.45
2010-09-30,17663.38
2010-10-01,17887.7
2010-10-04,17496.88
2010-10-05,18533.95
2010-10-06,18546.78
2010-10-07,18472.78
2010-10-08,18764.16
2010-10-11,18826.6
2010-10-12,19012.76
2010-10-13,19425.56
2010-10-14,19297.21
2010-10-15,19348.08
2010-10-18,19077.51
2010-10-19,18811.57
2010-10-20,19398.96
2010-10-21,19503.03
2010-10-22,19651.03
2010-10-25,19771.28
2010-10-26,19795.57
2010-10-27,19642.94
2010-10-28,19671.84
2010-10-29,19684.56
2010-11-01,19701.91
2010-11-02,20149.39
2010-11-03,20410.71
2010-11-04,21583.18
2010-11-05,21867.63
2010-11-08,21735.81
2010-11-09,21245.55
2010-11-10,21488.36
2010-11-11,21225.89
2010-11-12,20484.71
2010-11-15,20410.71
2010-11-16,19450.99
2010-11-17,19481.06
2010-11-18,20334.39
2010-11-19,20489.34
2010-11-22,20458.12
2010-11-23,19541.18
2010-11-24,20391.05
2010-11-26,19858.01
2010-11-29,19897.32
2010-11-30,19522.68
2010-12-01,20787.66
2010-12-02,21597.06
2010-12-03,21764.72
2010-12-06,21694.18
2010-12-07,21728.87
2010-12-08,21967.07
2010-12-09,22251.51
2010-12-10,22633.09
2010-12-13,22678.18
2010-12-14,22729.06
2010-12-15,22411.19
2010-12-16,22801.9
2010-12-17,22900.19
2010-12-20,23013.5
2010-12-21,23458.67
2010-12-22,23695.71
2010-12-23,23588.18
2010-12-27,23588.18
2010-12-28,23718.84
2010-12-29,23775.48
2010-12-30,23681.83
2010-12-31,23693.4
2011-01-03,24382.54
2011-01-04,24306.23
2011-01-05,24717.86
2011-01-06,24572.17
2011-01-07,24438.04
2011-01-10,24360.57
2011-01-11,24590.67
2011-01-12,25282.13
2011-01-13,25200.03
2011-01-14,25638.27
2011-01-18,25837.15
2011-01-19,25807.08
2011-01-20,24973.4
2011-01-21,25166.5
2011-01-24,25557.33
2011-01-25,25590.86
2011-01-26,25899.58
2011-01-27,26078.81
2011-01-28,24701.33
2011-01-31,25248.6
2011-02-01,26453.44
2011-02-02,26307.41
2011-02-03,26474.26
2011-02-04,26741.36
2011-02-07,27222.37
2011-02-08,27593.54
2011-02-09,27403.91
2011-02-10,27443.22
2011-02-11,27932.33
2011-02-14,28084.96
2011-02-15,27867.58
2011-02-16,28342.81
2011-02-17,28642.29
2011-02-18,28819.2
2011-02-22,27102.12
2011-02-23,26653.48
2011-02-24,26556.35
2011-02-25,27327.62
2011-02-28,27872.23
2011-03-01,26474.28
2011-03-02,26613.04
2011-03-03,27986.7
2011-03-04,27397
2011-03-07,26699.76
2011-03-08,27407.41
2011-03-09,27317.22
2011-03-10,25787.45
2011-03-11,26328.59
2011-03-14,25863.77
2011-03-15,24996.55
2011-03-16,23581.26
2011-03-17,24451.94
2011-03-18,24784.95
2011-03-21,25905.39
2011-03-22,25655.63
2011-03-23,25860.3
2011-03-24,26588.76
2011-03-25,26814.23
2011-03-28,26651.2
2011-03-29,27174.99
2011-03-30,27733.48
2011-03-31,27650.23
2011-04-01,27962.42
2011-04-04,28045.67
2011-04-05,28049.14
2011-04-06,28257.27
2011-04-07,28080.36
2011-04-08,27827.14
2011-04-11,27560.04
2011-04-12,26949.52
2011-04-13,26904.42
2011-04-14,26968.25
2011-04-15,27192.34
2011-04-18,26373.69
2011-04-19,26755.26
2011-04-20,27896.51
2011-04-21,28305.84
2011-04-25,28201.77
2011-04-26,28944.11
2011-04-27,29485.25
2011-04-28,29776.63
2011-04-29,30064.55
2011-05-02,29839.07
2011-05-03,29540.75
2011-05-04,28961.45
2011-05-05,28208.71
2011-05-06,28507.03
2011-05-09,28905.95
2011-05-10,29630.94
2011-05-11,28656.19
2011-05-12,29072.45
2011-05-13,28368.28
2011-05-16,27861.83
2011-05-17,27861.83
2011-05-18,28614.57
2011-05-19,28801.88
2011-05-20,28101.18
2011-05-23,27112.55
2011-05-24,27074.4
2011-05-25,27317.22
2011-05-26,27650.23
2011-05-27,28004.05
2011-05-31,28881.67
2011-06-01,26984.21
2011-06-02,26835.04
2011-06-03,26064.96
2011-06-06,25204.68
2011-06-07,25145.71
2011-06-08,24847.39
2011-06-09,25371.19
2011-06-10,24351.35
2011-06-13,24392.97
2011-06-14,25322.63
2011-06-15,23973.24
2011-06-16,24098.12
2011-06-17,24337.47
2011-06-20,24739.86
2011-06-21,25721.54
2011-06-22,25281
2011-06-23,25048.59
2011-06-24,24177.9
2011-06-27,24809.23
2011-06-28,25777.04
2011-06-29,26446.53
2011-06-30,27185.4
2011-07-01,28406.44
2011-07-05,28291.96
2011-07-06,28399.5
2011-07-07,29370.78
2011-07-08,28722.1
2011-07-11,27206.21
2011-07-12,26800.36
2011-07-13,27095.21
2011-07-14,26522.85
2011-07-15,26914.83
2011-07-18,26286.97
2011-07-19,27549.63
2011-07-20,27501.06
2011-07-21,28635.38
2011-07-22,28704.76
2011-07-25,28226.05
2011-07-26,27913.86
2011-07-27,26234.93
2011-07-28,26005.99
2011-07-29,25447.5
2011-08-01,25093.68
2011-08-02,23234.38
2011-08-03,23563.92
2011-08-04,20230.35
2011-08-05,20143.63
2011-08-08,16164.85
2011-08-09,18412.67
2011-08-10,15994.88
2011-08-11,18128.22
2011-08-12,18527.14
2011-08-15,19633.71
2011-08-16,19155
2011-08-17,19207.04
2011-08-18,16702.53
2011-08-19,15928.97
2011-08-22,15949.78
2011-08-23,17479.55
2011-08-24,18232.29
2011-08-25,17399.77
2011-08-26,18162.91
2011-08-29,19730.83
2011-08-30,19834.9
2011-08-31,20081.19
2011-09-01,19522.7
2011-09-02,18020.69
2011-09-06,17621.77
2011-09-07,19099.5
2011-09-08,18499.39
2011-09-09,17066.76
2011-09-12,17389.36
2011-09-13,17822.97
2011-09-14,18586.11
2011-09-15,19560.86
2011-09-16,19893.87
2011-09-19,19304.17
2011-09-20,19248.66
2011-09-21,17505.29
2011-09-22,15846.05
2011-09-23,16085.57
2011-09-26,17244.95
2011-09-27,17789.93
2011-09-28,16717.33
2011-09-29,17147.75
2011-09-30,15925.89
2011-10-03,14513.11
2011-10-04,15377.44
2011-10-05,16314.67
2011-10-06,17196.35
2011-10-07,16842.29
2011-10-10,18564.01
2011-10-11,18577.89
2011-10-12,19105.51
2011-10-13,18963.2
2011-10-14,19938.6
2011-10-17,18800.05
2011-10-18,19909.45
2011-10-19,19209.65
2011-10-20,19442.22
2011-10-21,20542.59
2011-10-24,21347.91
2011-10-25,20080.92
2011-10-26,20684.91
2011-10-27,22798.88
2011-10-28,22885.66
2011-10-31,21118.81
2011-11-01,19421.39
2011-11-02,20355.15
2011-11-03,21448.58
2011-11-04,21066.75
2011-11-07,21448.58
2011-11-08,22278.2
2011-11-09,19824.05
2011-11-10,20365.56
2011-11-11,21545.77
2011-11-14,20900.13
2011-11-15,21243.78
2011-11-16,20202.42
2011-11-17,19240.89
2011-11-18,19154.11
2011-11-21,18050.27
2011-11-22,17855.88
2011-11-23,16699.97
2011-11-25,16526.41
2011-11-28,18012.43
2011-11-29,18154.4
2011-11-30,20410.69
2011-12-01,20379.45
2011-12-02,20348.21
2011-12-05,21007.74
2011-12-06,21025.09
2011-12-07,21271.55
2011-12-08,19872.65
2011-12-09,20865.42
2011-12-12,19966.37
2011-12-13,19379.74
2011-12-14,18744.51
2011-12-15,18945.84
2011-12-16,19053.45
2011-12-19,18432.1
2011-12-20,20122.23
2011-12-21,20233.66
2011-12-22,20820.29
2011-12-23,21309.73
2011-12-27,21323.62
2011-12-28,20573.14
2011-12-29,21157
2011-12-30,20879.3
2012-01-03,21889.42
2012-01-04,21924.13
2012-01-05,22146.29
2012-01-06,21983.14
2012-01-09,22090.75
2012-01-10,22666.97
2012-01-11,22729.45
2012-01-12,22875.24
2012-01-13,22632.26
2012-01-17,22764.17
2012-01-18,23524.36
2012-01-19,23892.31
2012-01-20,23944.34
2012-01-23,23965.2
2012-01-24,23895.78
2012-01-25,24482.41
2012-01-26,24131.82
2012-01-27,24083.22
2012-01-30,23836.77
2012-01-31,23781.23
2012-02-01,24416.46
2012-02-02,24548.36
2012-02-03,25593.2
2012-02-06,25534.19
2012-02-07,25728.57
2012-02-08,25916.02
2012-02-09,26023.63
2012-02-10,25513.36
2012-02-13,26034.04
2012-02-14,25933.38
2012-02-15,25561.96
2012-02-16,26388.1
2012-02-17,26638.03
2012-02-21,26679.69
2012-02-22,26377.69
2012-02-23,26776.88
2012-02-24,26912.26
2012-02-27,27033.75
2012-02-28,27290.62
2012-02-29,26929.61
2012-03-01,27408.64
2012-03-02,27158.71
2012-03-05,26804.65
2012-03-06,25610.55
2012-03-07,26159
2012-03-08,26943.5
2012-03-09,27245.49
2012-03-12,27255.91
2012-03-13,28751.99
2012-03-14,28633.97
2012-03-15,29102.59
2012-03-16,29293.5
2012-03-19,29609.38
2012-03-20,29328.21
2012-03-21,29203.25
2012-03-22,28550.66
2012-03-23,28831.83
2012-03-26,30032.87
2012-03-27,29765.59
2012-03-28,29328.21
2012-03-29,29168.54
2012-03-30,29432.35
2012-04-02,30161.3
2012-04-03,29807.24
2012-04-04,28944.02
2012-04-05,28876.96
2012-04-09,27929.32
2012-04-10,26495.71
2012-04-11,27054.58
2012-04-12,28231.31
2012-04-13,27155.24
2012-04-16,27078.87
2012-04-17,28300.74
2012-04-18,28033.46
2012-04-19,27512.77
2012-04-20,27627.32
2012-04-23,26953.91
2012-04-24,27266.32
2012-04-25,28394.46
2012-04-26,28956.8
2012-04-27,29088.7
2012-04-30,28731.17
2012-05-01,29272.68
2012-05-02,29043.58
2012-05-03,28404.87
2012-05-04,27005.98
2012-05-07,27044.16
2012-05-08,26721.34
2012-05-09,26224.96
2012-05-10,26395.05
2012-05-11,26152.06
2012-05-14,25294.67
2012-05-15,24867.72
2012-05-16,24579.61
2012-05-17,23437.58
2012-05-18,22857.89
2012-05-21,24055.45
2012-05-22,24083.22
2012-05-23,24183.89
2012-05-24,24350.51
2012-05-25,24132.17
2012-05-29,24982.27
2012-05-30,23881.89
2012-05-31,23746.52
2012-06-01,21944.96
2012-06-04,21938.02
2012-06-05,22361.51
2012-06-06,23944.38
2012-06-07,23933.96
2012-06-08,24517.12
2012-06-11,23607.67
2012-06-12,24444.23
2012-06-13,23938.37
2012-06-14,24708.04
2012-06-15,25416.17
2012-06-18,25572.37
2012-06-19,26332.91
2012-06-20,26195.78
2012-06-21,24442.22
2012-06-22,25001.27
2012-06-25,23778.99
2012-06-26,24164.42
2012-06-27,24831.13
2012-06-28,24598.47
2012-06-29,26470.1
2012-07-02,26661.08
2012-07-03,27199.3
2012-07-05,26817.34
2012-07-06,26056.88
2012-07-09,25977.02
2012-07-10,25289.48
2012-07-11,25279.06
2012-07-12,24952.66
2012-07-13,26181.89
2012-07-16,25963.13
2012-07-17,26522.18
2012-07-18,27126.38
2012-07-19,27310.42
2012-07-20,26570.8
2012-07-23,25758.26
2012-07-24,25126.28
2012-07-25,25105.44
2012-07-26,26338.15
2012-07-27,27845.17
2012-07-30,27782.66
2012-07-31,27401.05
2012-08-01,27192.36
2012-08-02,26588.16
2012-08-03,28164.63
2012-08-06,28303.52
2012-08-07,28730.63
2012-08-08,28855.64
2012-08-09,28935.5
2012-08-10,29063.98
2012-08-13,29025.78
2012-08-14,29046.62
2012-08-15,29123.01
2012-08-16,29751.51
2012-08-17,29898.05
2012-08-20,29907.77
2012-08-21,29633.45
2012-08-22,29633.45
2012-08-23,28942.45
2012-08-24,29473.72
2012-08-27,29473.72
2012-08-28,29383.44
2012-08-29,29442.47
2012-08-30,28807.02
2012-08-31,29188.99
2012-09-04,29050.09
2012-09-05,29060.51
2012-09-06,30807.12
2012-09-07,31216.87
2012-09-10,30675.17
2012-09-11,30911.3
2012-09-12,31206.45
2012-09-13,32706.53
2012-09-14,33109.32
2012-09-17,32814.17
2012-09-18,32696.11
2012-09-19,32748.19
2012-09-20,32744.72
2012-09-21,32675.27
2012-09-24,32532.91
2012-09-25,31531.12
2012-09-26,30970.33
2012-09-27,31880.1
2012-09-28,31383.54
2012-10-01,31591.89
2012-10-02,31730.78
2012-10-03,32116.22
2012-10-04,32839.87
2012-10-05,32800.28
2012-10-08,32449.57
2012-10-09,31515.49
2012-10-10,30952.96
2012-10-11,30984.22
2012-10-12,30605.72
2012-10-15,31435.63
2012-10-16,32369.7
2012-10-17,32800.28
2012-10-18,32560.69
2012-10-19,30859.21
2012-10-22,30925.19
2012-10-23,29659.84
2012-10-24,29404.27
2012-10-25,29650.82
2012-10-26,29591.78
2012-10-31,29511.92
2012-11-01,30522.39
2012-11-02,29657.76
2012-11-05,29876.52
2012-11-06,30536.28
2012-11-07,28497.63
2012-11-08,27428.48
2012-11-09,27484.04
2012-11-12,27588.21
2012-11-13,27334.72
2012-11-14,26220.08
2012-11-15,26067.3
2012-11-16,26442.32
2012-11-19,28008.37
2012-11-20,28136.85
2012-11-21,28286.16
2012-11-23,29395.25
2012-11-26,29223.71
2012-11-27,28813.97
2012-11-28,29452.89
2012-11-29,29904.3
2012-11-30,29810.55
2012-12-03,29421.64
2012-12-04,29275.8
2012-12-05,29432.05
2012-12-06,29757.07
2012-12-07,30018.89
2012-12-10,30105.7
2012-12-11,30689.06
2012-12-12,30758.51
2012-12-13,30223.76
2012-12-14,29814.02
2012-12-17,30866.15
2012-12-18,31946.07
2012-12-19,31275.9
2012-12-20,31748.14
2012-12-21,30918.24
2012-12-24,30508.5
2012-12-26,30170.6
2012-12-27,30097.67
2012-12-28,29059.22
2012-12-31,30649.88
2013-01-02,32928.22
2013-01-03,32660.79
2013-01-04,33150.5
2013-01-07,32907.38
2013-01-08,32546.18
2013-01-09,32837.92
2013-01-10,33549.9
2013-01-11,33622.84
2013-01-14,33473.49
2013-01-15,33549.9
2013-01-16,33546.43
2013-01-17,34161.16
2013-01-18,34459.85
2013-01-22,34946.08
2013-01-23,35105.84
2013-01-24,35161.41
2013-01-25,35758.78
2013-01-28,35626.8
2013-01-29,36043.57
2013-01-30,35658.06
2013-01-31,35366.32
2013-02-01,36446.45
2013-02-04,35230.87
2013-02-05,36290.16
2013-02-06,36363.09
2013-02-07,36255.43
2013-02-08,36831.96
2013-02-11,36779.86
2013-02-12,36960.46
2013-02-13,37088.97
2013-02-14,37203.58
2013-02-15,37085.49
2013-02-19,37821.78
2013-02-20,36422.13
2013-02-21,35786.56
2013-02-22,36831.96
2013-02-25,34751.59
2013-02-26,35460.09
2013-02-27,36772.92
2013-02-28,36625.66
2013-03-01,36970.88
2013-03-04,37457.11
2013-03-05,38499.03
2013-03-06,38697
2013-03-07,38912.33
2013-03-08,39402.03
2013-03-11,39818.8
2013-03-12,39537.48
2013-03-13,39693.77
2013-03-14,40343.24
2013-03-15,40186.95
2013-03-18,39492.33
2013-03-19,39235.33
2013-03-20,40046.19
2013-03-21,39028.45
2013-03-22,39931.56
2013-03-25,39535.58
2013-03-26,40449.12
2013-03-27,40397.01
2013-03-28,40667.95
2013-04-01,40280.3
2013-04-02,40845.1
2013-04-03,39594.63
2013-04-04,40129.55
2013-04-05,39556.42
2013-04-08,40292.81
2013-04-09,40817.31
2013-04-10,42342.19
2013-04-11,42745.11
2013-04-12,42401.23
2013-04-15,39514.74
2013-04-16,41154.24
2013-04-17,39372.33
2013-04-18,38646.36
2013-04-19,39639.79
2013-04-22,40219.87
2013-04-23,41428.65
2013-04-24,41508.54
2013-04-25,42026.09
2013-04-26,41758.63
2013-04-29,42602.7
2013-04-30,42884.05
2013-05-01,41741.27
2013-05-02,42932.68
2013-05-03,44228.31
2013-05-06,44589.55
2013-05-07,45242.57
2013-05-08,45874.75
2013-05-09,45513.51
2013-05-10,45944.22
2013-05-13,46020.64
2013-05-14,47472.57
2013-05-15,48202.01
2013-05-16,47517.73
2013-05-17,48938.4
2013-05-20,48924.5
2013-05-21,49119.02
2013-05-22,47983.18
2013-05-23,47601.09
2013-05-24,47430.89
2013-05-28,48313.16
2013-05-29,47680.98
2013-05-30,47899.47
2013-05-31,45801.81
2013-06-03,46538.19
2013-06-04,45923.38
2013-06-05,43870.53
2013-06-06,45117.53
2013-06-07,46854.29
2013-06-10,46857.76
2013-06-11,45461.4
2013-06-12,44273.46
2013-06-13,46322.84
2013-06-14,45454.46
2013-06-17,46503.46
2013-06-18,47566.36
2013-06-19,45648.97
2013-06-20,42210.19
2013-06-21,42557.54
2013-06-24,40959.72
2013-06-25,42188.31
2013-06-26,43380.55
2013-06-27,44207.58
2013-06-28,43408.35
2013-07-01,44395.22
2013-07-02,44221.48
2013-07-03,44360.47
2013-07-05,45743.48
2013-07-08,46514.91
2013-07-09,47453.13
2013-07-10,47550.42
2013-07-11,49558.91
2013-07-12,49572.81
2013-07-15,50219.14
2013-07-16,49607.56
2013-07-17,49948.1
2013-07-18,50761.22
2013-07-19,51094.81
2013-07-22,51358.91
2013-07-23,51053.11
2013-07-24,50490.18
2013-07-25,50802.92
2013-07-26,50969.72
2013-07-29,50462.38
2013-07-30,50524.93
2013-07-31,50531.88
2013-08-01,52327.77
2013-08-02,52595.97
2013-08-05,52394.42
2013-08-06,51539.6
2013-08-07,50983.62
2013-08-08,51539.6
2013-08-09,51094.81
2013-08-12,50865.47
2013-08-13,51407.55
2013-08-14,50580.53
2013-08-15,48377.45
2013-08-16,47974.36
2013-08-19,47070.89
2013-08-20,47731.12
2013-08-21,46848.5
2013-08-22,48057.76
2013-08-23,48572.04
2013-08-26,48113.36
2013-08-27,45680.93
2013-08-28,46167.42
2013-08-29,46438.46
2013-08-30,45875.53
2013-09-03,46570.5
2013-09-04,47745.02
2013-09-05,47821.46
2013-09-06,47946.56
2013-09-09,49385.17
2013-09-10,50455.43
2013-09-11,50928.02
2013-09-12,50587.48
2013-09-13,50851.57
2013-09-16,51782.84
2013-09-17,52401.37
2013-09-18,54253.49
2013-09-19,54062.37
2013-09-20,52811.41
2013-09-23,52116.43
2013-09-24,51775.89
2013-09-25,51301.54
2013-09-26,51878.66
2013-09-27,51183.33
2013-09-30,50279.4
2013-10-01,51551.86
2013-10-02,51343.26
2013-10-03,49994.31
2013-10-04,51065.12
2013-10-07,49792.67
2013-10-08,48005.67
2013-10-09,48040.43
2013-10-10,51162.47
2013-10-11,52198.51
2013-10-14,52879.94
2013-10-15,51659.63
2013-10-16,53832.54
2013-10-17,54931.17
2013-10-18,55904.63
2013-10-21,56043.7
2013-10-22,56961.53
2013-10-23,56210.58
2013-10-24,56725.12
2013-10-25,57462.17
2013-10-28,57705.54
2013-10-29,58748.53
2013-10-30,57802.88
2013-10-31,57197.95
2013-11-01,57663.82
2013-11-04,58303.52
2013-11-05,57747.26
2013-11-06,58567.75
2013-11-07,56356.59
2013-11-08,58609.47
2013-11-11,58616.42
2013-11-12,58373.06
2013-11-13,59659.42
2013-11-14,60618.98
2013-11-15,61411.65
2013-11-18,60848.43
2013-11-19,60389.52
2013-11-20,59854.11
2013-11-21,61223.91
2013-11-22,62093.08
2013-11-25,62065.26
2013-11-26,61967.92
2013-11-27,62412.93
2013-11-29,62273.86
2013-12-02,61828.85
2013-12-03,61126.57
2013-12-04,60924.99
2013-12-05,60236.54
2013-12-06,62155.66
2013-12-09,62621.53
2013-12-10,62016.59
2013-12-11,59854.11
2013-12-12,59339.57
2013-12-13,59193.55
2013-12-16,60319.98
2013-12-17,59722
2013-12-18,62823.18
2013-12-19,62677.16
2013-12-20,63720.15
2013-12-23,64686.66
2013-12-24,65173.39
2013-12-26,66153.81
2013-12-27,66112.09
2013-12-30,66049.51
2013-12-31,66967.35
2014-01-02,65055.19
2014-01-03,64943.94
2014-01-06,64512.83
2014-01-07,65632.31
2014-01-08,65701.85
2014-01-09,65750.52
2014-01-10,66313.74
2014-01-13,63734.06
2014-01-14,65722.71
2014-01-15,66814.38
2014-01-16,66536.24
2014-01-17,65674.03
2014-01-21,66251.16
2014-01-22,66397.18
2014-01-23,64804.87
2014-01-24,60556.4
2014-01-27,59694.18
2014-01-28,60744.13
2014-01-29,58929.32
2014-01-30,60924.92
2014-01-31,59791.53
2014-02-03,55744.7
2014-02-04,56871.14
2014-02-05,56676.45
2014-02-06,58866.74
2014-02-07,61189.15
2014-02-10,61467.28
2014-02-11,63448.97
2014-02-12,63622.81
2014-02-13,64589.32
2014-02-14,65569.73
2014-02-18,65861.77
2014-02-19,64505.88
2014-02-20,65576.69
2014-02-21,65486.29
2014-02-24,66459.76
2014-02-25,66418.04
2014-02-26,66424.99
2014-02-27,67523.61
2014-02-28,67954.72
2014-03-03,66543.2
2014-03-04,69366.24
2014-03-05,69414.91
2014-03-06,70054.62
2014-03-07,70047.67
2014-03-10,69992.04
2014-03-11,68949.04
2014-03-12,68997.72
2014-03-13,66703.12
2014-03-14,66091.23
2014-03-17,67829.56
2014-03-18,69338.43
2014-03-19,68302.38
2014-03-20,69380.15
2014-03-21,68608.33
2014-03-24,67718.31
2014-03-25,68719.58
2014-03-26,67182.9
2014-03-27,66786.56
2014-03-28,67725.26
2014-03-31,69411.44
2014-04-01,70805.58
2014-04-02,71535.68
2014-04-03,71188.01
2014-04-04,68712.63
2014-04-07,66355.46
2014-04-08,67238.53
2014-04-09,69401.01
2014-04-10,64999.56
2014-04-11,63233.42
2014-04-14,64707.52
2014-04-15,66042.56
2014-04-16,68121.6
2014-04-17,68385.82
2014-04-21,69164.6
2014-04-22,70026.81
2014-04-23,69595.7
2014-04-24,70012.9
2014-04-25,68260.67
2014-04-28,68900.37
2014-04-29,69866.88
2014-04-30,70562.21
2014-05-01,70527.44
2014-05-02,70242.36
2014-05-05,70610.88
2014-05-06,68768.26
2014-05-07,69985.09
2014-05-08,69748.67
2014-05-09,70082.43
2014-05-12,72057.17
2014-05-13,72265.77
2014-05-14,71229.73
2014-05-15,69282.8
2014-05-16,70082.43
2014-05-19,70847.3
2014-05-20,69470.54
2014-05-21,71201.92
2014-05-22,71772.09
2014-05-23,72613.44
2014-05-27,73983.24
2014-05-28,73774.64
2014-05-29,74921.94
2014-05-30,75234.84
2014-06-02,75568.6
2014-06-03,75450.39
2014-06-04,75818.92
2014-06-05,77390.36
2014-06-06,78488.99
2014-06-09,78704.54
2014-06-10,78760.17
2014-06-11,77967.49
2014-06-12,76263.93
2014-06-13,76959.26
2014-06-16,77091.37
2014-06-17,77710.22
2014-06-18,79483.31
2014-06-19,79747.54
2014-06-20,80234.27
2014-06-23,80136.92
2014-06-24,78628.05
2014-06-25,79716.13
2014-06-26,79597.85
2014-06-27,80043.15
2014-06-30,79917.91
2014-07-01,81476.47
2014-07-02,81692.16
2014-07-03,82923.7
2014-07-07,82102.68
2014-07-08,80537.16
2014-07-09,81546.05
2014-07-10,80564.99
2014-07-11,80947.67
2014-07-14,82081.8
2014-07-15,81657.37
2014-07-16,82547.98
2014-07-17,79716.13
2014-07-18,82144.42
2014-07-21,81643.46
2014-07-22,82742.8
2014-07-23,83299.43
2014-07-24,83316.82
2014-07-25,82179.21
2014-07-28,82227.92
2014-07-29,81184.24
2014-07-30,81184.24
2014-07-31,76369.41
2014-08-01,75631.87
2014-08-04,77260.01
2014-08-05,74970.88
2014-08-06,75047.41
2014-08-07,73815.87
2014-08-08,76390.28
2014-08-11,77120.85
2014-08-12,76752.09
2014-08-13,78415.01
2014-08-14,79403.03
2014-08-15,79368.24
2014-08-18,81323.4
2014-08-19,82603.64
2014-08-20,83299.43
2014-08-21,84036.96
2014-08-22,83598.62
2014-08-25,84851.03
2014-08-26,85080.64
2014-08-27,84990.19
2014-08-28,84809.28
2014-08-29,85498.11
2014-09-02,85324.16
2014-09-03,85275.46
2014-09-04,84795.37
2014-09-05,85999.08
2014-09-08,85338.08
2014-09-09,83730.82
2014-09-10,84677.08
2014-09-11,84867.73
2014-09-12,83424.67
2014-09-15,83222.89
2014-09-16,85115.43
2014-09-17,85428.53
2014-09-18,86764.44
2014-09-19,86625.28
2014-09-22,84510.09
2014-09-23,83076.78
2014-09-24,85046.34
2014-09-25,80917.95
2014-09-26,82895.12
2014-09-29,82379.94
2014-09-30,81704.64
2014-10-01,78418.63
2014-10-02,78369.9
2014-10-03,80966.68
2014-10-06,80667.32
2014-10-07,76984.48
2014-10-08,81029.34
2014-10-09,76114.25
2014-10-10,73524.43
2014-10-13,69897.29
2014-10-14,70259.31
2014-10-15,68546.68
2014-10-16,68504.91
2014-10-17,71080.81
2014-10-20,73092.79
2014-10-21,77409.16
2014-10-22,75794
2014-10-23,78453.44
2014-10-24,80110.37
2014-10-27,79831.89
2014-10-28,82491.33
2014-10-29,82275.51
2014-10-30,83869.78
2014-10-31,86633.65
2014-11-03,86772.89
2014-11-04,85937.46
2014-11-05,87496.92
2014-11-06,88596.9
2014-11-07,88833.6
2014-11-10,89578.53
2014-11-11,89843.08
2014-11-12,89585.49
2014-11-13,89850.04
2014-11-14,89947.51
2014-11-17,90121.55
2014-11-18,91660.13
2014-11-19,91193.68
2014-11-20,91667.09
2014-11-21,93212.63
2014-11-24,93936.66
2014-11-25,93853.12
2014-11-26,94479.69
2014-11-28,93860.08
2014-12-01,91945.57
2014-12-02,93581.61
2014-12-03,94779.05
2014-12-04,94410.07
2014-12-05,94827.78
2014-12-08,92982.89
2014-12-09,92704.41
2014-12-10,88318.43
2014-12-11,89536.75
2014-12-12,85283.05
2014-12-15,83375.49
2014-12-16,81516.67
2014-12-17,86452.64
2014-12-18,92613.91
2014-12-19,93811.35
2014-12-22,95057.99
2014-12-23,95580.67
2014-12-24,95573.7
2014-12-26,96423.92
2014-12-29,96772.38
2014-12-30,95287.97
2014-12-31,92416.71
2015-01-02,92165.83
2015-01-05,87203.86
2015-01-06,84841.35
2015-01-07,87970.45
2015-01-08,92611.85
2015-01-09,90339.93
2015-01-12,88158.62
2015-01-13,87433.84
2015-01-14,85900.64
2015-01-15,83552.07
2015-01-16,86667.24
2015-01-20,87357.18
2015-01-21,88639.48
2015-01-22,92639.72
2015-01-23,91022.9
2015-01-26,91782.53
2015-01-27,88123.77
2015-01-28,84534.71
2015-01-29,87043.57
2015-01-30,83663.57
2015-02-02,86722.99
2015-02-03,90513.74
2015-02-04,89489.71
2015-02-05,92277.33
2015-02-06,91461.95
2015-02-09,90214.49
2015-02-10,93120.59
2015-02-11,93273.91
2015-02-12,95936.09
2015-02-13,97176.58
2015-02-17,97678.35
2015-02-18,97580.79
2015-02-19,97392.62
2015-02-20,99162.76
2015-02-23,99093.07
2015-02-24,99929.36
2015-02-25,99601.82
2015-02-26,99274.27
2015-02-27,98291.63
2015-03-02,100131.46
2015-03-03,98890.97
2015-03-04,97587.76
2015-03-05,97929.24
2015-03-06,93726.9
2015-03-09,94960.42
2015-03-10,90319.03
2015-03-11,89656.97
2015-03-12,93078.77
2015-03-13,91364.39
2015-03-16,95092.83
2015-03-17,94179.89
2015-03-18,97490.19
2015-03-19,96186.98
2015-03-20,98730.68
2015-03-23,98201.03
2015-03-24,96472.71
2015-03-25,92230.03
2015-03-26,91623.12
2015-03-27,92181.2
2015-03-30,95585.5
2015-03-31,93102.04
2015-04-01,92125.39
2015-04-02,92955.54
2015-04-06,94936.73
2015-04-07,94141.46
2015-04-08,95139.04
2015-04-09,96429.6
2015-04-10,97936.42
2015-04-13,96659.81
2015-04-14,97176.04
2015-04-15,98459.62
2015-04-16,98368.94
2015-04-17,94971.61
2015-04-20,97552.74
2015-04-21,97224.87
2015-04-22,98641
2015-04-23,99387.44
2015-04-24,100098.99
2015-04-27,98780.52
2015-04-28,99687.4
2015-04-29,98473.58
2015-04-30,95515.74
2015-05-01,98571.24
2015-05-04,99526.96
2015-05-05,95983.13
2015-05-06,94832.09
2015-05-07,95983.13
2015-05-08,99715.31
2015-05-11,98341.03
2015-05-12,97399.27
2015-05-13,97510.88
2015-05-14,100566.38
2015-05-15,100866.35
2015-05-18,101801.14
2015-05-19,101661.62
2015-05-20,101473.27
2015-05-21,102338.29
2015-05-22,101626.74
2015-05-26,98409.4
2015-05-27,101040.75
2015-05-28,100775.66
2015-05-29,98794.47
2015-06-01,99436.27
2015-06-02,99157.23
2015-06-03,99924.59
2015-06-04,97608.55
2015-06-05,96980.71
2015-06-08,95166.94
2015-06-09,95013.47
2015-06-10,98515.43
2015-06-11,99408.36
2015-06-12,97064.42
2015-06-15,95780.83
2015-06-16,97469.03
2015-06-17,97943.4
2015-06-18,100831.47
2015-06-19,99087.47
2015-06-22,101110.51
2015-06-23,101333.75
2015-06-24,99108.61
2015-06-25,98131.76
2015-06-26,98145.71
2015-06-29,92019.46
2015-06-30,92661.39
2015-07-01,94726.73
2015-07-02,94433.68
2015-07-06,93666.15
2015-07-07,95340.75
2015-07-08,90623.95
2015-07-09,91070.51
2015-07-10,94531.36
2015-07-13,97615.42
2015-07-14,98983.02
2015-07-15,98801.6
2015-07-16,101048.36
2015-07-17,101369.33
2015-07-20,101578.65
2015-07-21,100294.79
2015-07-22,99694.72
2015-07-23,98048.03
2015-07-24,95075.61
2015-07-27,93373.09
2015-07-28,96778.12
2015-07-29,98773.69
2015-07-30,98787.65
2015-07-31,98382.95
2015-08-03,97308.41
2015-08-04,96778.12
2015-08-05,97727.06
2015-08-06,95591.94
2015-08-07,94768.6
2015-08-10,98313.17
2015-08-11,95675.67
2015-08-12,95940.82
2015-08-13,95661.72
2015-08-14,96666.48
2015-08-17,98299.22
2015-08-18,97447.96
2015-08-19,95187.25
2015-08-20,89172.63
2015-08-21,80813.57
2015-08-24,71505.56
2015-08-25,68156.36
2015-08-26,76194.45
2015-08-27,81888.11
2015-08-28,81902.06
2015-08-31,79822.76
2015-09-01,72733.61
2015-09-02,76780.57
2015-09-03,76906.16
2015-09-04,73487.18
2015-09-08,79027.33
2015-09-09,75817.67
2015-09-10,77045.71
2015-09-11,78134.2
2015-09-14,77171.31
2015-09-15,80213.5
2015-09-16,82167.21
2015-09-17,81748.56
2015-09-18,77659.73
2015-09-21,78859.86
2015-09-22,75831.62
2015-09-23,75343.2
2015-09-24,74687.31
2015-09-25,74491.94
2015-09-28,68854.11
2015-09-29,69007.61
2015-09-30,72887.11
2015-10-01,73515.09
2015-10-02,76585.2
2015-10-05,80799.61
2015-10-06,79962.31
2015-10-07,82027.66
2015-10-08,84148.82
2015-10-09,84302.33
2015-10-12,84665.16
2015-10-13,82976.6
2015-10-14,81706.69
2015-10-15,85432.68
2015-10-16,86590.95
2015-10-19,86772.37
2015-10-20,86395.58
2015-10-21,84888.44
2015-10-22,89088.9
2015-10-23,92047.37
2015-10-26,91461.26
2015-10-27,90791.41
2015-10-28,93931.3
2015-10-29,93917.34
2015-10-30,92466.02
2015-11-02,95773.36
2015-11-03,96596.71
2015-11-04,95898.95
2015-11-05,95508.21
2015-11-06,95312.84
2015-11-09,92689.3
2015-11-10,93177.72
2015-11-11,92172.96
2015-11-12,88363.24
2015-11-13,85376.86
2015-11-16,89242.41
2015-11-17,88935.4
2015-11-18,93205.63
2015-11-19,93066.08
2015-11-20,94084.8
2015-11-23,93680.1
2015-11-24,94126.67
2015-11-25,94015.03
2015-11-27,94280.17
2015-11-30,93219.59
2015-12-01,95857.09
2015-12-02,92814.89
2015-12-03,88949.35
2015-12-04,94154.58
2015-12-07,92438.11
2015-12-08,90568.13
2015-12-09,88502.79
2015-12-10,89019.13
2015-12-11,83799.94
2015-12-14,85251.27
2015-12-15,87874.81
2015-12-16,91712.45
2015-12-17,87637.58
2015-12-18,82669.59
2015-12-21,84930.3
2015-12-22,87205.75
2015-12-23,90394.16
2015-12-24,89764.86
2015-12-28,89359.32
2015-12-29,92170.15
2015-12-30,90254.31
2015-12-31,87569.34
2016-01-04,83793.59
2016-01-05,84255.07
2016-01-06,81049.88
2016-01-07,75207.27
2016-01-08,72704.09
2016-01-11,72829.94
2016-01-12,74703.83
2016-01-13,69068.18
2016-01-14,72438.39
2016-01-15,67697.73
2016-01-19,68089.29
2016-01-20,65502.2
2016-01-21,66453.13
2016-01-22,70648.4
2016-01-25,67501.95
2016-01-26,70186.92
2016-01-27,67893.51
2016-01-28,68956.31
2016-01-29,74102.51
2016-02-01,73878.76
2016-02-02,69921.22
2016-02-03,71095.9
2016-02-04,71403.55
2016-02-05,67320.15
2016-02-08,64551.27
2016-02-09,64537.29
2016-02-10,64467.79
2016-02-11,62132
2016-02-12,65767.9
2016-02-16,69026.23
2016-02-17,72452.37
2016-02-18,71557.38
2016-02-19,71543.39
2016-02-22,74550.01
2016-02-23,71837.06
2016-02-24,72787.99
2016-02-25,75347.11
2016-02-26,74899.61
2016-02-29,72857.91
2016-03-01,78269.82
2016-03-02,79346.6
2016-03-03,80157.69
2016-03-04,81010.73
2016-03-07,81178.54
2016-03-08,78479.58
2016-03-09,79696.21
2016-03-10,79836.05
2016-03-11,83737.66
2016-03-14,83430
2016-03-15,83052.43
2016-03-16,84548.74
2016-03-17,86114.98
2016-03-18,87121.84
2016-03-21,87443.48
2016-03-22,87359.57
2016-03-23,85639.51
2016-03-24,85429.75
2016-03-28,85639.51
2016-03-29,88072.77
2016-03-30,89121.59
2016-03-31,88520.27
2016-04-01,90170.41
2016-04-04,89345.34
2016-04-05,86730.28
2016-04-06,89429.24
2016-04-07,86310.76
2016-04-08,86995.98
2016-04-11,86324.74
2016-04-12,88813.94
2016-04-13,91415.01
2016-04-14,91484.93
2016-04-15,91065.4
2016-04-18,93065.15
2016-04-19,93946.15
2016-04-20,94169.9
2016-04-21,92687.57
2016-04-22,92743.51
2016-04-25,92198.12
2016-04-26,92701.56
2016-04-27,93191
2016-04-28,90729.78
2016-04-29,89233.46
2016-05-02,91219.23
2016-05-03,88869.87
2016-05-04,87303.64
2016-05-05,87373.56
2016-05-06,88226.6
2016-05-09,88562.22
2016-05-10,91764.61
2016-05-11,89247.45
2016-05-12,89233.46
2016-05-13,86870.13
2016-05-16,89443.23
2016-05-17,87009.97
2016-05-18,87121.84
2016-05-19,86198.88
2016-05-20,87765.12
2016-05-23,87331.61
2016-05-24,90785.71
2016-05-25,92603.67
2016-05-26,92701.56
2016-05-27,93834.28
2016-05-31,93386.78
2016-06-01,93904.2
2016-06-02,94813.18
2016-06-03,93988.11
2016-06-06,95372.55
2016-06-07,95722.15
2016-06-08,96673.08
2016-06-09,96309.49
2016-06-10,93540.61
2016-06-13,91456.96
2016-06-14,90953.53
2016-06-15,90464.08
2016-06-16,91289.15
2016-06-17,90254.31
2016-06-20,91988.36
2016-06-21,92757.49
2016-06-22,92243.84
2016-06-23,95898.31
2016-06-24,85508.97
2016-06-27,80860.38
2016-06-28,85242.94
2016-06-29,89709.51
2016-06-30,93195.96
2016-07-01,93854.05
2016-07-05,91949.8
2016-07-06,93490
2016-07-07,93293.97
2016-07-08,97424.5
2016-07-11,98474.64
2016-07-12,100630.92
2016-07-13,100644.92
2016-07-14,102199.12
2016-07-15,101891.08
2016-07-18,102717.18
2016-07-19,102353.14
2016-07-20,103669.31
2016-07-21,102465.15
2016-07-22,103851.33
2016-07-25,103067.23
2016-07-26,103109.23
2016-07-27,102857.2
2016-07-28,103193.24
2016-07-29,103571.29
2016-08-01,103319.26
2016-08-02,101331.01
2016-08-03,102241.12
2016-08-04,102605.17
2016-08-05,105111.49
2016-08-08,104901.46
2016-08-09,105013.48
2016-08-10,104257.38
2016-08-11,105755.57
2016-08-12,105447.53
2016-08-15,106427.66
2016-08-16,104677.43
2016-08-17,105237.51
2016-08-18,105979.6
2016-08-19,105489.54
2016-08-22,105461.54
2016-08-23,106063.61
2016-08-24,104565.42
2016-08-25,104131.36
2016-08-26,103641.3
2016-08-29,105125.49
2016-08-30,104565.42
2016-08-31,103683.31
2016-09-01,103767.32
2016-09-02,105097.49
2016-09-06,106105.62
2016-09-07,106077.61
2016-09-08,105279.51
2016-09-09,97774.55
2016-09-12,101849.07
2016-09-13,97438.51
2016-09-14,97298.49
2016-09-15,100252.87
2016-09-16,99118.72
2016-09-19,99090.72
2016-09-20,99216.73
2016-09-21,102511.78
2016-09-22,104360.35
2016-09-23,102735.85
2016-09-26,100201.06
2016-09-27,102091.65
2016-09-28,103562.11
2016-09-29,100761.24
2016-09-30,103127.97
2016-10-03,102147.67
2016-10-04,100733.23
2016-10-05,102063.64
2016-10-06,102231.69
2016-10-07,101125.35
2016-10-10,102651.82
2016-10-11,98912.67
2016-10-12,99276.78
2016-10-13,98268.47
2016-10-14,98366.5
2016-10-17,97414.2
2016-10-18,99080.72
2016-10-19,99906.97
2016-10-20,99360.8
2016-10-21,99416.82
2016-10-24,100677.21
2016-10-25,99822.95
2016-10-26,99192.75
2016-10-27,98352.49
2016-10-28,97400.2
2016-10-31,97330.17
2016-11-01,95369.57
2016-11-02,93549
2016-11-03,92302.62
2016-11-04,91868.48
2016-11-07,97918.36
2016-11-08,99248.77
2016-11-09,102623.82
2016-11-10,103254.01
2016-11-11,102567.8
2016-11-14,102763.86
2016-11-15,105158.6
2016-11-16,104626.44
2016-11-17,106152.91
2016-11-18,105452.69
2016-11-21,107819.43
2016-11-22,108449.62
2016-11-23,108645.68
2016-11-25,109892.07
2016-11-28,108337.59
2016-11-29,108953.78
2016-11-30,108085.51
2016-12-01,106839.12
2016-12-02,107035.18
2016-12-05,108841.74
2016-12-06,110046.12
2016-12-07,114247.42
2016-12-08,115115.69
2016-12-09,117174.33
2016-12-12,116852.23
2016-12-13,119078.92
2016-12-14,116362.07
2016-12-15,117552.44
2016-12-16,117048.29
2016-12-19,117692.49
2016-12-20,118938.87
2016-12-21,118056.6
2016-12-22,117496.43
2016-12-23,117846.53
2016-12-27,118742.81
2016-12-28,115913.94
2016-12-29,115717.87
2016-12-30,114527.51
2017-01-03,117006.27
2017-01-04,119092.92
2017-01-05,118728.81
2017-01-06,120073.23
2017-01-09,118938.87
2017-01-10,118742.81
2017-01-11,119709.11
2017-01-12,118924.87
2017-01-13,119667.1
2017-01-17,118560.76
2017-01-18,119176.95
2017-01-19,117930.56
2017-01-20,119148.94
2017-01-23,118224.65
2017-01-24,120479.35
2017-01-25,123406.26
2017-01-26,123126.17
2017-01-27,122692.04
2017-01-30,120479.35
2017-01-31,120409.33
2017-02-01,120479.35
2017-02-02,120647.4
2017-02-03,123070.15
2017-02-06,122551.99
2017-02-07,122467.97
2017-02-08,122958.12
2017-02-09,125058.77
2017-02-10,126529.23
2017-02-13,128461.83
2017-02-14,130114.34
2017-02-15,132060.94
2017-02-16,131808.86
2017-02-17,132327.02
2017-02-21,134609.73
2017-02-22,134371.66
2017-02-23,134707.76
2017-02-24,135155.9
2017-02-27,135758.09
2017-02-28,134749.78
2017-03-01,140183.46
2017-03-02,137802.72
2017-03-03,137928.76
2017-03-06,136724.39
2017-03-07,135506.01
2017-03-08,134623.74
2017-03-09,135099.88
2017-03-10,136430.3
2017-03-13,136640.36
2017-03-14,135239.93
2017-03-15,138446.92
2017-03-16,137900.75
2017-03-17,136990.47
2017-03-20,136500.32
2017-03-21,131402.74
2017-03-22,132200.99
2017-03-23,131752.85
2017-03-24,131486.76
2017-03-27,131010.62
2017-03-28,133741.46
2017-03-29,134357.65
2017-03-30,135407.98
2017-03-31,134455.68
2017-04-03,133937.52
2017-04-04,134161.59
2017-04-05,132803.17
2017-04-06,133895.51
2017-04-07,133503.39
2017-04-10,133713.45
2017-04-11,133237.31
2017-04-12,131556.79
2017-04-13,129050.01
2017-04-17,132313.02
2017-04-18,131052.63
2017-04-19,130380.42
2017-04-20,133419.36
2017-04-21,132299.02
2017-04-24,136500.32
2017-04-25,138895.06
2017-04-26,138699
2017-04-27,139035.1
2017-04-28,138180.84
2017-05-01,139049.11
2017-05-02,139287.18
2017-05-03,138839.04
2017-05-04,139105.13
2017-05-05,140855.67
2017-05-08,140771.64
2017-05-09,140393.52
2017-05-10,141037.72
2017-05-11,140267.49
2017-05-12,139567.27
2017-05-15,141639.91
2017-05-16,141331.82
2017-05-17,133895.51
2017-05-18,135281.94
2017-05-19,137914.76
2017-05-22,140127.44
2017-05-23,141009.72
2017-05-24,141807.96
2017-05-25,143810.58
2017-05-26,143880.61
2017-05-30,143530.5
2017-05-31,143292.42
2017-06-01,146639.46
2017-06-02,148053.9
2017-06-05,147857.84
2017-06-06,146527.43
2017-06-07,147185.63
2017-06-08,147367.69
2017-06-09,146751.5
2017-06-12,146555.44
2017-06-13,148670.09
2017-06-14,148151.93
2017-06-15,147213.64
2017-06-16,147213.64
2017-06-19,150938.79
2017-06-20,148053.9
2017-06-21,147745.8
2017-06-22,147577.75
2017-06-23,148207.95
2017-06-26,148333.99
2017-06-27,144888.92
2017-06-28,148530.05
2017-06-29,144776.88
2017-06-30,145463.1
2017-07-03,146177.32
2017-07-05,147129.61
2017-07-06,143208.4
2017-07-07,145841.21
2017-07-10,146247.34
2017-07-11,145911.24
2017-07-12,149202.26
2017-07-13,149902.47
2017-07-14,151891.09
2017-07-17,151905.09
2017-07-18,152143.17
2017-07-19,154607.93
2017-07-20,154719.97
2017-07-21,154411.87
2017-07-24,154257.82
2017-07-25,155182.11
2017-07-26,155308.15
2017-07-27,154944.04
2017-07-28,154215.81
2017-07-31,154005.75
2017-08-01,154916.03
2017-08-02,155098.08
2017-08-03,154369.86
2017-08-04,155028.06
2017-08-07,155854.32
2017-08-08,154888.02
2017-08-09,154649.94
2017-08-10,148221.95
2017-08-11,148782.13
2017-08-14,153151.48
2017-08-15,153123.47
2017-08-16,153809.68
2017-08-17,146695.48
2017-08-18,145869.22
2017-08-21,146317.36
2017-08-22,150630.7
2017-08-23,149132.23
2017-08-24,148109.92
2017-08-25,149090.22
2017-08-28,149118.23
2017-08-29,149538.36
2017-08-30,151765.05
2017-08-31,154327.84
2017-09-01,155168.11
2017-09-05,151653.02
2017-09-06,153193.49
2017-09-07,153081.46
2017-09-08,152437.26
2017-09-11,157240.75
2017-09-12,158963.28
2017-09-13,159257.37
2017-09-14,159033.3
2017-09-15,159733.52
2017-09-18,160587.79
2017-09-19,160965.9
2017-09-20,161217.98
2017-09-21,159845.56
2017-09-22,159929.58
2017-09-25,158935.27
2017-09-26,159215.36
2017-09-27,160937.89
2017-09-28,161554.09
2017-09-29,163108.57
2017-10-02,165181.21
2017-10-03,166371.58
2017-10-04,166903.74
2017-10-05,169774.63
2017-10-06,169340.5
2017-10-09,168500.24
2017-10-10,169634.59
2017-10-11,170432.84
2017-10-12,169704.61
2017-10-13,170152.75
2017-10-16,170894.98
2017-10-17,171259.09
2017-10-18,171749.25
2017-10-19,171903.29
2017-10-20,174368.06
2017-10-23,172463.47
2017-10-24,173275.72
2017-10-25,170866.97
2017-10-26,171217.08
2017-10-27,175572.43
2017-10-30,173625.83
2017-10-31,174256.02
2017-11-01,175152.3
2017-11-02,175264.34
2017-11-03,176846.83
2017-11-06,177561.05
2017-11-07,177407
2017-11-08,178275.27
2017-11-09,176230.64
2017-11-10,175992.56
2017-11-13,176454.7
2017-11-14,175348.36
2017-11-15,172631.52
2017-11-16,176762.8
2017-11-17,175446.39
2017-11-20,176188.62
2017-11-21,179605.68
2017-11-22,179073.52
2017-11-24,180221.87
2017-11-27,180109.84
2017-11-28,185445.49
2017-11-29,185109.39
2017-11-30,189716.82
2017-12-01,188680.49
2017-12-04,187952.27
2017-12-05,185977.66
2017-12-06,185977.66
2017-12-07,187728.2
2017-12-08,190739.13
2017-12-11,192573.7
2017-12-12,193511.99
2017-12-13,193399.96
2017-12-14,191033.22
2017-12-15,195682.67
2017-12-18,199421.82
2017-12-19,197139.12
2017-12-20,196789.01
2017-12-21,197811.33
2017-12-22,197629.27
2017-12-26,196859.03
2017-12-27,197279.16
2017-12-28,198189.44
2017-12-29,196270.85
2018-01-02,200290.09
2018-01-03,203945.23
2018-01-04,206522.03
2018-01-05,210555.28
2018-01-08,211605.6
2018-01-09,213104.07
2018-01-10,212109.76
2018-01-11,216493.12
2018-01-12,220764.44
2018-01-16,218467.73
2018-01-17,224741.67
2018-01-18,223719.36
2018-01-19,226464.21
2018-01-22,232023.93
2018-01-23,233648.44
2018-01-24,233214.3
2018-01-25,233522.4
2018-01-26,241490.87
2018-01-29,236547.33
2018-01-30,229195.06
2018-01-31,232023.93
2018-02-01,228774.93
2018-02-02,213986.34
2018-02-05,187672.18
2018-02-06,198511.54
2018-02-07,194758.38
2018-02-08,173065.65
2018-02-09,181090.14
2018-02-12,188190.34
2018-02-13,189842.86
2018-02-14,197643.27
2018-02-15,204869.51
2018-02-16,205023.56
2018-02-20,201410.44
2018-02-21,198189.44
2018-02-22,199001.69
2018-02-23,208482.63
2018-02-26,215722.88
2018-02-27,207390.3
2018-02-28,200626.2
2018-03-01,192461.67
2018-03-02,195430.59
2018-03-05,202026.63
2018-03-06,203623.13
2018-03-07,203399.06
2018-03-08,206115.9
2018-03-09,216843.23
2018-03-12,216072.99
2018-03-13,211913.7
2018-03-14,208524.65
2018-03-15,207782.42
2018-03-16,208496.64
2018-03-19,199996
2018-03-20,200892.28
2018-03-21,199859.2
2018-03-22,186588.5
2018-03-23,172771.28
2018-03-26,187078.97
2018-03-27,177255.57
2018-03-28,175770.15
2018-03-29,183197.26
2018-04-02,170627.23
2018-04-03,177087.41
2018-04-04,183239.3
2018-04-05,186966.87
2018-04-06,174663.09
2018-04-09,176751.09
2018-04-10,185187.16
2018-04-11,182440.53
2018-04-12,186770.68
2018-04-13,185145.12
2018-04-16,189601.39
2018-04-17,195753.27
2018-04-18,196159.66
2018-04-19,192726.38
2018-04-20,187877.74
2018-04-23,187793.66
2018-04-24,180268.46
2018-04-25,181487.62
2018-04-26,187022.92
2018-04-27,187331.21
2018-04-30,182945.02
2018-05-01,183953.98
2018-05-02,180072.27
2018-05-03,178853.1
2018-05-04,185831.78
2018-05-07,187653.52
2018-05-08,187709.58
2018-05-09,193202.83
2018-05-10,198499.9
2018-05-11,199620.97
2018-05-14,200475.79
2018-05-15,196187.69
2018-05-16,198682.07
2018-05-17,198205.62
2018-05-18,196664.14
2018-05-21,201064.35
2018-05-22,199354.72
2018-05-23,200896.19
2018-05-24,199775.12
2018-05-25,198093.51
2018-05-29,191577.28
2018-05-30,198892.27
2018-05-31,194772.33
2018-06-01,200910.2
2018-06-04,203768.94
2018-06-05,204357.5
2018-06-06,209486.41
2018-06-07,209192.13
2018-06-08,210831.7
2018-06-11,211714.54
2018-06-12,212639.43
2018-06-13,210201.09
2018-06-14,211966.78
2018-06-15,211083.94
2018-06-18,209570.49
2018-06-19,207258.28
2018-06-20,208089.25
2018-06-21,204301.98
2018-06-22,205269.84
2018-06-25,197106.18
2018-06-26,198158.19
2018-06-27,193192.67
2018-06-28,196643.29
2018-06-29,197274.5
2018-07-02,198368.6
2018-07-03,196096.24
2018-07-05,201019.68
2018-07-06,205858.97
2018-07-09,211539.87
2018-07-10,213770.15
2018-07-11,209267.51
2018-07-12,214611.76
2018-07-13,215032.57
2018-07-16,214569.68
2018-07-17,217262.85
2018-07-18,218483.19
2018-07-19,215958.35
2018-07-20,215200.89
2018-07-23,216463.32
2018-07-24,219408.97
2018-07-25,225384.43
2018-07-26,223238.31
2018-07-27,218904
2018-07-30,215242.97
2018-07-31,218441.11
2018-08-01,217557.41
2018-08-02,220755.55
2018-08-03,223743.28
2018-08-06,226183.97
2018-08-07,228203.84
2018-08-08,227698.87
2018-08-09,226815.18
2018-08-10,222228.38
2018-08-13,219871.85
2018-08-14,223995.77
2018-08-15,219072.32
2018-08-16,224037.85
2018-08-17,226226.05
2018-08-20,227951.36
2018-08-21,229213.78
2018-08-22,229087.54
2018-08-23,227783.03
2018-08-24,231906.95
2018-08-27,237293.28
2018-08-28,237629.93
2018-08-29,241501.35
2018-08-30,238387.38
2018-08-31,238303.22
2018-09-04,237251.2
2018-09-05,235315.49
2018-09-06,233043.13
2018-09-07,231528.22
2018-09-10,232832.72
2018-09-11,235273.41
2018-09-12,235315.49
2018-09-13,239186.91
2018-09-14,239439.4
2018-09-17,235441.73
2018-09-18,239228.99
2018-09-19,240028.53
2018-09-20,245625.27
2018-09-21,244951.97
2018-09-24,242679.61
2018-09-25,241711.76
2018-09-26,239472.5
2018-09-27,241409.51
2018-09-28,241156.85
2018-10-01,243893.92
2018-10-02,243641.27
2018-10-03,243978.14
2018-10-04,238125.02
2018-10-05,234335.23
2018-10-08,233956.26
2018-10-09,233029.86
2018-10-10,210585.9
2018-10-11,196942.66
2018-10-12,204901.21
2018-10-15,201448.3
2018-10-16,214080.92
2018-10-17,214544.12
2018-10-18,205322.3
2018-10-19,204732.78
2018-10-22,202164.14
2018-10-23,198711.23
2018-10-24,180520.24
2018-10-25,190542.13
2018-10-26,180183.37
2018-10-29,177067.32
2018-10-30,185278.53
2018-10-31,191047.43
2018-11-01,197026.88
2018-11-02,193152.87
2018-11-05,196690.01
2018-11-06,200227.14
2018-11-07,212943.99
2018-11-08,211680.72
2018-11-09,205827.61
2018-11-12,193868.72
2018-11-13,192900.22
2018-11-14,188689.34
2018-11-15,194710.89
2018-11-16,196100.48
2018-11-19,186499.69
2018-11-20,175888.28
2018-11-21,177572.63
2018-11-23,173993.39
2018-11-26,182204.59
2018-11-27,183973.16
2018-11-28,196563.68
2018-11-29,195300.42
2018-11-30,199216.53
2018-12-03,206627.67
2018-12-04,187004.99
2018-12-06,185825.95
2018-12-07,172814.34
2018-12-10,173614.41
2018-12-11,173572.3
2018-12-12,176309.37
2018-12-13,176098.82
2018-12-14,166245.37
2018-12-17,156181.38
2018-12-18,155886.62
2018-12-19,148728.13
2018-12-20,141443.32
2018-12-21,132558.37
2018-12-24,122115.4
2018-12-26,140028.04
2018-12-27,143745.22
2018-12-28,143069.37
2018-12-31,146913.28
2019-01-02,147208.96
2019-01-03,136226.37
2019-01-04,150081.33
2019-01-07,153502.83
2019-01-08,157769.15
2019-01-09,159965.66
2019-01-10,161908.74
2019-01-11,161782.01
2019-01-14,159036.37
2019-01-15,164400.94
2019-01-16,165372.48
2019-01-17,169174.14
2019-01-18,175805.94
2019-01-22,168793.98
2019-01-23,169596.55
2019-01-24,170061.2
2019-01-25,174200.79
2019-01-28,170356.88
2019-01-29,169596.55
2019-01-30,177580.05
2019-01-31,182015.33
2019-02-01,182268.77
2019-02-04,186154.92
2019-02-05,188562.64
2019-02-06,187633.34
2019-02-07,182226.53
2019-02-08,182902.38
2019-02-11,183198.07
2019-02-12,190210.03
2019-02-13,191899.66
2019-02-14,190590.2
2019-02-15,196715.1
2019-02-19,197686.64
2019-02-20,198869.38
2019-02-21,196672.86
2019-02-22,200390.05
2019-02-25,201234.86
2019-02-26,200601.25
2019-02-27,200263.32
2019-02-28,198911.62
2019-03-01,202882.25
2019-03-04,200474.53
2019-03-05,199629.71
2019-03-06,195954.77
2019-03-07,191054.84
2019-03-08,189872.1
2019-03-11,198151.29
2019-03-12,200178.84
2019-03-13,204149.47
2019-03-14,203727.06
2019-03-15,206683.92
2019-03-18,209007.16
2019-03-19,209133.88
2019-03-20,206954.12
2019-03-21,213767.95
2019-03-22,201579.24
2019-03-25,201071.38
2019-03-26,205303.57
2019-03-27,202425.68
2019-03-28,204584.09
2019-03-29,208562.35
2019-04-01,215841.72
2019-04-02,215799.4
2019-04-03,217069.06
2019-04-04,218465.68
2019-04-05,221301.25
2019-04-08,222147.69
2019-04-09,218592.65
2019-04-10,220835.71
2019-04-11,220581.78
2019-04-12,225025.58
2019-04-15,224433.07
2019-04-16,225067.9
2019-04-17,223121.09
2019-04-18,224306.1
2019-04-22,225025.58
2019-04-23,230781.35
2019-04-24,229427.05
2019-04-25,228707.58
2019-04-26,232008.69
2019-04-29,232812.81
2019-04-30,233193.7
2019-05-01,227945.79
2019-05-02,226549.16
2019-05-03,232939.77
2019-05-06,230188.85
2019-05-07,218677.29
2019-05-08,217661.56
2019-05-09,215460.82
2019-05-10,218508
2019-05-13,202341.03
2019-05-14,207419.66
2019-05-15,211017.02
2019-05-16,216730.48
2019-05-17,212667.58
2019-05-20,208562.35
2019-05-21,213937.24
2019-05-22,212117.39
2019-05-23,204499.45
2019-05-24,205303.57
2019-05-28,199801.72
2019-05-29,195823.46
2019-05-30,197220.08
2019-05-31,189136.6
2019-06-03,187613.01
2019-06-04,199801.72
2019-06-05,204838.03
2019-06-06,208731.64
2019-06-07,215037.61
2019-06-10,218000.14
2019-06-11,217830.85
2019-06-12,216645.84
2019-06-13,219481.41
2019-06-14,218381.04
2019-06-17,218761.93
2019-06-18,225237.19
2019-06-19,227099.35
2019-06-20,233405.31
2019-06-21,232516.55
2019-06-24,231585.47
2019-06-25,224853.17
2019-06-26,223878.13
2019-06-27,226379.32
2019-06-28,229558.81
2019-07-01,235536.24
2019-07-02,237783.07
2019-07-03,243039.82
2019-07-05,241979.99
2019-07-08,238376.58
2019-07-09,239182.05
2019-07-10,242573.5
2019-07-11,244057.26
2019-07-12,247491.1
2019-07-15,247533.49
2019-07-16,245074.69
2019-07-17,240199.48
2019-07-18,242658.28
2019-07-19,238503.76
2019-07-22,240241.88
2019-07-23,245159.48
2019-07-24,248550.93
2019-07-25,244862.73
2019-07-26,249865.12
2019-07-29,248593.32
2019-07-30,246812.81
2019-07-31,238291.79
2019-08-01,232271.97
2019-08-02,227227.18
2019-08-05,207005.66
2019-08-06,214933.18
2019-08-07,215399.5
2019-08-08,227778.29
2019-08-09,223115.05
2019-08-12,214890.78
2019-08-13,224810.78
2019-08-14,205097.97
2019-08-15,206624.12
2019-08-16,215653.86
2019-08-19,223411.8
2019-08-20,218197.45
2019-08-21,223496.59
2019-08-22,223199.84
2019-08-23,205861.05
2019-08-26,212601.55
2019-08-27,210269.93
2019-08-28,214636.42
2019-08-29,222733.51
2019-08-30,222521.55
2019-09-03,218578.99
2019-09-04,225743.42
2019-09-05,234518.8
2019-09-06,235112.31
2019-09-09,235281.88
2019-09-10,235281.88
2019-09-11,240284.27
2019-09-12,242319.14
2019-09-13,241768.03
2019-09-16,239690.76
2019-09-17,241556.06
2019-09-18,241937.6
2019-09-19,241556.06
2019-09-20,237952.65
2019-09-23,238164.61
2019-09-24,232314.36
2019-09-25,236384.1
2019-09-26,234942.73
2019-09-27,230957.78
2019-09-30,234306.84
2019-10-01,225913
2019-10-02,213873.35
2019-10-03,218960.52
2019-10-04,227735.9
2019-10-07,224853.17
2019-10-08,214382.07
2019-10-09,220189.92
2019-10-10,224641.2
2019-10-11,231424.1
2019-10-14,230915.39
2019-10-15,237825.47
2019-10-16,236638.46
2019-10-17,238503.76
2019-10-18,235281.88
2019-10-21,240326.66
2019-10-22,237740.68
2019-10-23,239775.55
2019-10-24,240792.99
2019-10-25,243930.08
2019-10-28,247999.82
2019-10-29,247533.49
2019-10-30,249949.9
2019-10-31,247660.67
2019-11-01,254528.36
2019-11-04,257580.67
2019-11-05,256648.02
2019-11-06,256944.77
2019-11-07,259573.14
2019-11-08,261184.08
2019-11-11,259954.68
2019-11-12,261226.48
2019-11-13,261565.62
2019-11-14,262625.45
2019-11-15,268348.52
2019-11-18,268814.85
2019-11-19,268433.31
2019-11-20,265550.57
2019-11-21,264236.39
2019-11-22,265762.54
2019-11-25,271867.15
2019-11-26,273562.88
2019-11-27,277123.9
2019-11-29,274241.17
2019-12-02,267203.91
2019-12-03,261735.19
2019-12-04,266398.44
2019-12-05,267966.98
2019-12-06,275046.64
2019-12-09,272587.83
2019-12-10,271528.01
2019-12-11,273817.24
2019-12-12,280854.5
2019-12-13,281320.82
2019-12-16,287213.47
2019-12-17,287255.86
2019-12-18,287213.47
2019-12-19,290647.31
2019-12-20,295056.19
2019-12-23,295904.06
2019-12-24,295823.56
2019-12-26,300153.92
2019-12-27,300026.56
2019-12-30,295059.37
2019-12-31,297224.56
2020-01-02,305248.47
2020-01-03,298625.56
2020-01-06,301724.74
2020-01-07,299092.56
2020-01-08,303720.11
2020-01-09,309918.48
2020-01-10,307286.3
2020-01-13,313484.66
2020-01-14,311998.75
2020-01-15,314163.94
2020-01-16,321805.76
2020-01-17,324820.04
2020-01-21,322994.49
2020-01-22,323164.31
2020-01-23,323843.58
2020-01-24,315140.39
2020-01-27,300069.02
2020-01-28,309366.57
2020-01-29,308559.93
2020-01-30,311234.57
2020-01-31,294507.46
2020-02-03,300960.56
2020-02-04,314673.39
2020-02-05,325329.49
2020-02-06,328683.41
2020-02-07,323631.31
2020-02-10,330721.23
2020-02-11,332419.41
2020-02-12,338660.23
2020-02-13,337386.6
2020-02-14,339042.33
2020-02-18,336367.69
2020-02-19,341165.05
2020-02-20,336707.32
2020-02-21,326348.4
2020-02-24,293700.83
2020-02-25,267081.8
2020-02-26,264152.44
2020-02-27,228193.4
2020-02-28,226665.04
2020-03-02,254133.15
2020-03-03,232523.77
2020-03-04,261774.98
2020-03-05,235495.59
2020-03-06,223735.67
2020-03-09,171474.07
2020-03-10,198560.1
2020-03-11,169308.89
2020-03-12,120188.93
2020-03-13,153558.24
2020-03-16,99895.64
2020-03-17,118533.2
2020-03-18,100362.64
2020-03-19,99725.82
2020-03-20,86182.81
2020-03-23,79092.89
2020-03-24,101211.73
2020-03-25,105145.54
2020-03-26,123485.37
2020-03-27,112336.79
2020-03-30,123315.16
2020-03-31,117570.67
2020-04-01,101869.05
2020-04-02,108847.55
2020-04-03,104166.85
2020-04-06,125229.99
2020-04-07,125229.99
2020-04-08,137952.99
2020-04-09,144208.1
2020-04-13,139995.47
2020-04-14,152718.47
2020-04-15,142889
2020-04-16,144974.04
2020-04-17,156803.44
2020-04-20,148378.18
2020-04-21,134676.5
2020-04-22,143782.59
2020-04-23,143612.38
2020-04-24,149697.29
2020-04-27,156292.82
2020-04-28,153995.02
2020-04-29,165909.53
2020-04-30,161271.38
2020-05-01,148335.63
2020-05-04,149910.05
2020-05-05,153909.92
2020-05-06,150846.19
2020-05-07,156207.72
2020-05-08,163867.04
2020-05-11,164122.35
2020-05-12,154037.57
2020-05-13,146080.38
2020-05-14,151399.36
2020-05-15,153186.54
2020-05-18,167356.29
2020-05-19,162207.52
2020-05-20,170377.47
2020-05-21,166675.46
2020-05-22,167569.05
2020-05-26,173994.38
2020-05-27,181611.15
2020-05-28,180717.56
2020-05-29,182845.15
2020-06-01,185270.61
2020-06-02,189951.31
2020-06-03,197610.63
2020-06-04,195695.8
2020-06-05,210759.14
2020-06-08,218673.78
2020-06-09,213907.98
2020-06-10,210205.97
2020-06-11,173483.75
2020-06-12,179823.97
2020-06-15,184887.64
2020-06-16,195483.04
2020-06-17,192929.93
2020-06-18,193185.24
2020-06-19,189781.1
2020-06-22,193823.52
2020-06-23,196291.53
2020-06-24,181440.94
2020-06-25,186972.68
2020-06-26,173611.41
2020-06-29,181355.84
2020-06-30,188759.86
2020-07-01,192249.1
2020-07-02,195312.84
2020-07-06,204418.92
2020-07-07,197951.05
2020-07-08,202546.64
2020-07-09,199099.95
2020-07-10,205227.41
2020-07-13,199865.88
2020-07-14,207525.21
2020-07-15,213312.25
2020-07-16,211184.66
2020-07-17,213014.39
2020-07-20,218120.61
2020-07-21,219439.71
2020-07-22,223311.93
2020-07-23,215227.09
2020-07-24,211227.21
2020-07-27,215610.05
2020-07-28,211652.73
2020-07-29,219354.61
2020-07-30,217014.26
2020-07-31,222163.03
2020-08-03,226673.52
2020-08-04,229226.63
2020-08-05,233566.92
2020-08-06,238332.72
2020-08-07,238800.79
2020-08-10,240928.38
2020-08-11,235183.89
2020-08-12,244715.49
2020-08-13,243651.7
2020-08-14,243481.49
2020-08-17,245864.39
2020-08-18,247268.6
2020-08-19,244417.63
2020-08-20,246630.33
2020-08-21,249183.43
2020-08-24,256800.21
2020-08-25,259395.87
2020-08-26,267310.51
2020-08-27,268970.03
2020-08-28,274246.45
2020-08-31,271140.17
2020-09-01,278884.6
2020-09-02,290926.77
2020-09-03,260757.53
2020-09-04,254630.07
2020-09-08,233694.57
2020-09-09,247183.5
2020-09-10,234375.4
2020-09-11,234673.27
2020-09-14,244034.66
2020-09-15,247694.12
2020-09-16,244843.15
2020-09-17,238460.38
2020-09-18,230120.22
2020-09-21,222503.45
2020-09-22,229098.98
2020-09-23,213184.6
2020-09-24,214929.22
2020-09-25,225141.66
2020-09-28,236588.1
2020-09-29,232715.88
2020-09-30,237907.2
2020-10-01,242332.59
2020-10-02,235651.96
2020-10-05,247906.88
2020-10-06,237524.24
2020-10-07,249864.26
2020-10-08,256289.59
2020-10-09,263268.09
2020-10-12,275948.53
2020-10-13,270672.1
2020-10-14,265778.64
2020-10-15,264502.09
2020-10-16,263948.91
2020-10-19,251991.85
2020-10-20,254800.27
2020-10-21,253438.62
2020-10-22,257864
2020-10-23,260161.8
2020-10-26,245906.94
2020-10-27,243353.84
2020-10-28,218375.92
2020-10-29,224886.35
2020-10-30,217737.64
2020-11-02,225226.76
2020-11-03,237013.61
2020-11-04,252800.34
2020-11-05,267608.37
2020-11-06,267693.47
2020-11-09,277778.25
2020-11-10,276544.25
2020-11-11,282458.95
2020-11-12,274289.01
2020-11-13,285650.34
2020-11-16,296032.98
2020-11-17,291692.7
2020-11-18,280927.09
2020-11-19,284543.99
2020-11-20,278714.39
2020-11-23,283778.06
2020-11-24,297352.09
2020-11-25,295947.88
2020-11-27,298245.68
2020-11-30,294373.46
2020-12-01,304032.73
2020-12-02,305777.35
2020-12-03,305607.14
2020-12-04,313394.12
2020-12-07,311819.71
2020-12-08,314372.82
2020-12-09,305990.11
2020-12-10,305394.38
2020-12-11,304245.48
2020-12-14,300288.17
2020-12-15,312372.88
2020-12-16,313904.75
2020-12-17,319181.17
2020-12-18,315479.16
2020-12-21,312330.33
2020-12-22,310245.29
2020-12-23,311166.67
2020-12-24,314784.89
2020-12-28,322787.53
2020-12-29,320872
2020-12-30,322149.02
2020-12-31,327171.96
2021-01-04,313763.27
2021-01-05,319978.09
2021-01-06,325980.08
2021-01-07,340325.24
2021-01-08,346156.96
2021-01-11,339261.06
2021-01-12,339516.46
2021-01-13,341985.37
2021-01-14,338452.28
2021-01-15,330960.44
2021-01-19,338792.82
2021-01-20,352712.31
2021-01-21,353521.09
2021-01-22,349945.44
2021-01-25,354159.6
2021-01-26,352499.48
2021-01-27,326533.45
2021-01-28,334748.93
2021-01-29,315040.29
2021-02-01,330066.53
2021-02-02,344198.86
2021-02-03,345263.04
2021-02-04,356841.34
2021-02-05,360970.36
2021-02-08,369143.28
2021-02-09,368121.66
2021-02-10,367866.26
2021-02-11,369398.68
2021-02-12,374974.99
2021-02-16,373868.24
2021-02-17,374208.78
2021-02-18,369483.81
2021-02-19,367440.59
2021-02-22,359097.4
2021-02-23,360204.15
2021-02-24,372080.42
2021-02-25,345390.75
2021-02-26,339431.33
2021-03-01,364035.21
2021-03-02,355734.59
2021-03-03,341729.96
2021-03-04,328789.51
2021-03-05,347008.3
2021-03-08,341900.23
2021-03-09,356373.1
2021-03-10,362885.89
2021-03-11,374081.08
2021-03-12,375613.5
2021-03-15,382381.69
2021-03-16,381019.54
2021-03-17,384510.06
2021-03-18,367781.12
2021-03-19,365823.03
2021-03-22,374208.78
2021-03-23,365775.86
2021-03-24,360027.34
2021-03-25,365946.18
2021-03-26,383873.03
2021-03-29,383149.15
2021-03-30,379955.53
2021-03-31,384682.08
2021-04-01,396647.51
2021-04-05,413850.47
2021-04-06,413211.75
2021-04-07,414872.43
2021-04-08,420535.78
2021-04-09,429690.82
2021-04-12,430074.06
2021-04-13,433693.49
2021-04-14,429520.5
2021-04-15,443274.35
2021-04-16,448043.49
2021-04-19,441315.6
2021-04-20,431692.16
2021-04-21,443615
2021-04-22,431607
2021-04-23,445403.43
2021-04-26,448256.4
2021-04-27,447788
2021-04-28,447149.28
2021-04-29,455495.27
2021-04-30,446893.79
2021-05-03,449789.33
2021-05-04,441485.92
2021-05-05,441443.34
2021-05-06,452088.74
2021-05-07,462095.41
2021-05-10,448384.14
2021-05-11,436631.62
2021-05-12,408825.84
2021-05-13,423005.51
2021-05-14,442550.46
2021-05-17,439229.1
2021-05-18,428200.47
2021-05-19,424495.87
2021-05-20,438079.4
2021-05-21,437014.86
2021-05-24,450385.48
2021-05-25,447447.35
2021-05-26,450087.41
2021-05-27,450342.9
2021-05-28,452982.95
2021-06-01,451662.92
2021-06-02,454004.91
2021-06-03,448937.7
2021-06-04,460775.38
2021-06-07,460051.5
2021-06-08,460179.24
2021-06-09,458007.58
2021-06-10,464352.24
2021-06-11,466651.64
2021-06-14,469930.43
2021-06-15,467077.46
2021-06-16,459412.77
2021-06-17,459072.12
2021-06-18,440591.71
2021-06-21,459242.45
2021-06-22,466098.08
2021-06-23,464820.64
2021-06-24,472953.72
2021-06-25,477850.6
2021-06-28,480959.06
2021-06-29,481512.62
2021-06-30,482832.65
2021-07-01,490923.15
2021-07-02,502122.11
2021-07-06,498843.33
2021-07-07,504421.51
2021-07-08,492370.92
2021-07-09,507742.88
2021-07-12,513448.81
2021-07-13,508211.28
2021-07-14,509957.12
2021-07-15,504804.75
2021-07-16,493137.39
2021-07-19,471463.36
2021-07-20,491604.46
2021-07-21,503271.81
2021-07-22,506550.59
2021-07-23,521837.38
2021-07-26,525754.89
2021-07-27,518686.35
2021-07-28,517834.72
2021-07-29,524264.54
2021-07-30,516301.78
2021-08-02,513108.16
2021-08-03,525669.73
2021-08-04,518175.37
2021-08-05,527671.06
2021-08-06,530651.77
2021-08-09,528991.09
2021-08-10,530609.19
2021-08-11,534484.12
2021-08-12,539210.67
2021-08-13,542191.38
2021-08-16,546236.64
2021-08-17,535676.4
2021-08-18,518090.2
2021-08-19,519921.21
2021-08-20,532908.6
2021-08-23,546534.71
2021-08-24,549259.93
2021-08-25,552453.55
2021-08-26,542957.85
2021-08-27,556924.61
2021-08-30,564333.81
2021-08-31,562630.55
2021-09-01,563567.34
2021-09-02,568251.32
2021-09-03,567570.01
2021-09-07,561736.33
2021-09-08,559692.42
2021-09-09,552112.9
2021-09-10,539295.84
2021-09-13,542957.85
2021-09-14,534526.7
2021-09-15,547939.9
2021-09-16,544874.02
2021-09-17,529374.33
2021-09-20,502973.74
2021-09-21,501525.97
2021-09-22,515705.64
2021-09-23,534484.12
2021-09-24,537166.76
2021-09-27,532567.95
2021-09-28,500418.84
2021-09-29,502420.18
2021-09-30,484195.26
2021-10-01,501440.8
2021-10-04,481853.27
2021-10-05,496501.34
2021-10-06,502973.74
2021-10-07,515748.22
2021-10-08,512767.51
2021-10-11,501866.62
2021-10-12,498374.93
2021-10-13,503314.39
2021-10-14,528693.02
2021-10-15,540871.36
2021-10-18,545938.56
2021-10-19,558372.39
2021-10-20,564631.88
2021-10-21,569188.11
2021-10-22,567271.94
2021-10-25,575873.42
2021-10-26,578087.66
2021-10-27,570210.07
2021-10-28,586476.24
2021-10-29,590223.42
2021-11-01,593417.04
2021-11-02,600400.42
2021-11-03,611599.38
2021-11-04,619817.62
2021-11-05,626545.51
2021-11-08,628291.36
2021-11-09,621818.96
2021-11-10,606957.98
2021-11-11,607639.29
2021-11-12,621137.65
2021-11-15,621393.14
2021-11-16,628844.92
2021-11-17,624075.78
2021-11-18,630335.28
2021-11-19,627311.98
2021-11-22,621733.79
2021-11-23,624671.92
2021-11-24,628887.5
2021-11-26,587924.01
2021-11-29,608746.41
2021-11-30,574212.74
2021-12-01,553901.32
2021-12-02,578896.72
2021-12-03,563652.51
2021-12-06,583793.6
2021-12-07,619945.37
2021-12-08,625395.81
2021-12-09,612493.59
2021-12-10,630164.95
2021-12-13,613345.22
2021-12-14,600485.58
2021-12-15,628248.78
2021-12-16,611429.05
2021-12-17,592224.75
2021-12-20,573233.36
2021-12-21,603594.04
2021-12-22,621606.05
2021-12-23,632977.58
2021-12-27,659644.52
2021-12-28,658451.75
2021-12-29,660837.29
2021-12-30,655171.63
2021-12-31,649889.36
2022-01-03,661263.28
2022-01-04,660709.49
2022-01-05,622327.85
2022-01-06,620623.89
2022-01-07,613595.07
2022-01-10,610826.14
2022-01-11,627610.12
2022-01-12,633147.98
2022-01-13,606353.25
2022-01-14,606864.44
2022-01-18,574744.84
2022-01-19,556938.48
2022-01-20,538365.35
2022-01-21,506671.74
2022-01-24,512976.38
2022-01-25,493892.06
2022-01-26,490739.74
2022-01-27,483157.13
2022-01-28,518769.84
2022-01-31,546629.54
2022-02-01,558642.44
2022-02-02,574063.25
2022-02-03,533679.46
2022-02-04,541091.68
2022-02-07,535553.82
2022-02-08,548418.7
2022-02-09,572529.69
2022-02-10,542199.25
2022-02-11,509909.26
2022-02-14,504882.58
2022-02-15,528823.19
2022-02-16,530867.93
2022-02-17,497214.78
2022-02-18,487246.62
2022-02-22,471740.61
2022-02-23,445499.67
2022-02-24,466202.75
2022-02-25,496618.39
2022-02-28,492784.49
2022-03-01,470973.83
2022-03-02,496533.19
2022-03-03,489291.37
2022-03-04,477448.87
2022-03-07,435020.33
2022-03-08,424711.39
2022-03-09,459216.52
2022-03-10,452656.29
2022-03-11,435701.91
2022-03-14,425989.36
2022-03-15,454104.65
2022-03-16,483753.51
2022-03-17,501900.66
2022-03-18,518429.05
2022-03-21,518429.05
2022-03-22,536150.2
2022-03-23,515748.81
2022-03-24,538595.2
2022-03-25,546693.73
2022-03-28,558287.43
2022-03-29,579428.86
2022-03-30,568772.9
2022-03-31,542431.35
2022-04-01,546267.49
2022-04-04,560674.36
2022-04-05,539873.91
2022-04-06,523421.1
2022-04-07,531093.4
2022-04-08,527342.5
2022-04-11,499807.48
2022-04-12,494010.63
2022-04-13,510889.68
2022-04-14,492135.18
2022-04-18,492305.68
2022-04-19,515919.3
2022-04-20,514725.83
2022-04-21,491794.19
2022-04-22,451727.76
2022-04-25,458973.81
2022-04-26,419333.62
2022-04-27,422402.53
2022-04-28,454370.44
2022-04-29,404585.76
2022-05-02,411661.32
2022-05-03,417202.42
2022-05-04,455052.42
2022-05-05,406972.69
2022-05-06,399556.14
2022-05-09,361194.66
2022-05-10,363155.36
2022-05-11,345935.31
2022-05-12,344741.85
2022-05-13,369378.44
2022-05-16,365116.06
2022-05-17,386939.48
2022-05-18,340820.45
2022-05-19,333830.14
2022-05-20,334426.87
2022-05-23,353351.87
2022-05-24,345253.33
2022-05-25,354545.34
2022-05-26,375345.78
2022-05-27,403051.3
2022-05-31,395975.74
2022-06-01,386598.48
2022-06-02,408166.16
2022-06-03,388303.44
2022-06-06,391457.61
2022-06-07,402710.31
2022-06-08,389837.9
2022-06-09,361791.39
2022-06-10,330164.48
2022-06-13,292399.74
2022-06-14,289501.31
2022-06-15,301691.74
2022-06-16,272792.76
2022-06-17,273389.49
2022-06-21,294104.69
2022-06-22,292314.49
2022-06-23,300839.26
2022-06-24,329397.25
2022-06-27,326157.84
2022-06-28,306124.62
2022-06-29,305016.4
2022-06-30,297258.86
2022-07-01,306465.61
2022-07-05,308255.81
2022-07-06,311495.23
2022-07-07,325220.11
2022-07-08,324623.38
2022-07-11,313370.68
2022-07-12,305016.4
2022-07-13,300157.28
2022-07-14,297770.34
2022-07-15,314905.14
2022-07-18,306977.1
2022-07-19,331528.45
2022-07-20,337751.53
2022-07-21,348066.51
2022-07-22,338774.5
2022-07-25,339626.98
2022-07-26,327351.31
2022-07-27,352840.38
2022-07-28,366053.78
2022-07-29,382336.1
2022-08-01,378499.95
2022-08-02,371168.64
2022-08-03,388047.7
2022-08-04,387365.71
2022-08-05,385149.27
2022-08-08,384041.05
2022-08-09,379096.68
2022-08-10,402795.55
2022-08-11,402880.8
2022-08-12,423084.52
2022-08-15,428284.63
2022-08-16,430756.81
2022-08-17,421464.81
2022-08-18,424874.72
2022-08-19,407910.42
2022-08-22,382165.6
2022-08-23,379267.18
2022-08-24,382506.59
2022-08-25,398788.91
2022-08-26,358040.49
2022-08-29,351050.18
2022-08-30,339285.99
2022-08-31,331357.95
2022-09-01,334256.37
2022-09-02,323770.9
2022-09-06,319934.75
2022-09-07,337069.55
2022-09-08,343463.13
2022-09-09,359404.46
2022-09-12,370912.9
2022-09-13,322747.93
2022-09-14,325987.34
2022-09-15,314990.39
2022-09-16,307744.33
2022-09-19,314478.9
2022-09-20,303993.43
2022-09-21,287796.36
2022-09-22,280379.81
2022-09-23,265972.94
2022-09-26,258130.15
2022-09-27,256254.7
2022-09-28,270917.31
2022-09-29,253867.76
2022-09-30,242188.82
2022-10-03,261284.31
2022-10-04,285324.17
2022-10-05,283107.73
2022-10-06,274327.22
2022-10-07,251395.57
2022-10-10,245854.47
2022-10-11,240654.36
2022-10-12,238437.92
2022-10-13,256936.68
2022-10-14,239375.64
2022-10-17,257533.41
2022-10-18,265205.71
2022-10-19,261113.82
2022-10-20,254208.75
2022-10-21,272537.01
2022-10-24,282425.75
2022-10-25,296065.39
2022-10-26,289501.31
2022-10-27,284471.7
2022-10-28,304419.67
2022-10-31,298026.09
2022-11-01,294104.69
2022-11-02,271769.78
2022-11-03,262904.02
2022-11-04,274327.22
2022-11-07,282255.26
2022-11-08,286517.64
2022-11-09,268615.62
2022-11-10,312773.94
2022-11-11,322065.95
2022-11-14,313882.17
2022-11-15,321810.2
2022-11-16,314308.4
2022-11-17,310898.49
2022-11-18,315075.63
2022-11-21,311495.23
2022-11-22,324026.65
2022-11-23,329738.24
2022-11-25,329397.25
2022-11-28,313882.17
2022-11-29,311836.22
2022-11-30,340905.7
2022-12-01,340394.21
2022-12-02,338945
2022-12-05,320446.24
2022-12-06,306721.36
2022-12-07,305016.4
2022-12-08,312006.72
2022-12-09,304845.91
2022-12-12,317974.06
2022-12-13,324879.12
2022-12-14,318911.78
2022-12-15,295212.91
2022-12-16,284471.7
2022-12-19,277225.64
2022-12-20,278078.12
2022-12-21,290609.53
2022-12-22,278129.78
2022-12-23,282324.41
2022-12-27,279157.03
2022-12-28,268713.26
2022-12-29,282410.01
2022-12-30,280526.71
2023-01-03,276845.71
2023-01-04,282923.64
2023-01-05,273164.7
2023-01-06,291655.32
2023-01-09,291312.91
2023-01-10,297219.63
2023-01-11,308262.64
2023-01-12,311430.02
2023-01-13,314939.81
2023-01-17,313227.72
2023-01-18,298418.1
2023-01-19,291484.11
2023-01-20,307320.99
2023-01-23,318535.21
2023-01-24,317422.35
2023-01-25,317764.77
2023-01-26,327609.31
2023-01-27,330006.24
2023-01-30,317679.16
2023-01-31,331375.92
2023-02-01,341648.49
2023-02-02,356372.5
2023-02-03,344987.07
2023-02-06,338909.14
2023-02-07,351835.45
2023-02-08,340278.81
2023-02-09,331119.11
2023-02-10,332916.81
2023-02-13,344559.05
2023-02-14,344045.42
2023-02-15,347212.8
2023-02-16,332659.99
2023-02-17,329920.64
2023-02-21,310145.95
2023-02-22,308776.27
2023-02-23,313056.51
2023-02-24,302955.15
2023-02-27,305865.71
2023-02-28,302441.52
2023-03-01,298931.73
2023-03-02,305437.69
2023-03-03,319904.89
2023-03-06,320846.54
2023-03-07,306036.92
2023-03-08,307406.59
2023-03-09,290114.44
2023-03-10,277530.54
2023-03-13,275647.24
2023-03-14,289686.42
2023-03-15,284207.71
2023-03-16,298674.91
2023-03-17,288573.55
2023-03-20,296449.19
2023-03-21,307834.62
2023-03-22,292447.69
2023-03-23,294335.56
2023-03-24,300084.97
2023-03-27,301543.77
2023-03-28,299570.1
2023-03-29,312356.1
2023-03-30,317676.45
2023-03-31,330977.33
2023-04-03,334409.81
2023-04-04,329003.65
2023-04-05,326000.23
2023-04-06,329604.34
2023-04-10,330548.27
2023-04-11,330548.27
2023-04-12,326772.54
2023-04-13,339043.67
2023-04-14,336726.74
2023-04-17,340073.41
2023-04-18,340759.91
2023-04-19,340416.66
2023-04-20,334409.81
2023-04-21,335182.12
2023-04-24,336211.87
2023-04-25,319993.38
2023-04-26,315874.4
2023-04-27,334152.38
2023-04-28,342905.21
2023-05-01,341703.84
2023-05-02,330205.02
2023-05-03,323168.43
2023-05-04,316046.02
2023-05-05,333122.63
2023-05-08,333551.69
2023-05-09,329003.65
2023-05-10,333465.88
2023-05-11,331492.2
2023-05-12,330205.02
2023-05-15,333208.44
2023-05-16,326515.1
2023-05-17,338099.74
2023-05-18,347882.32
2023-05-19,346166.07
2023-05-22,346166.07
2023-05-23,334753.06
2023-05-24,327287.41
2023-05-25,335010.5
2023-05-26,348225.57
2023-05-30,348397.19
2023-05-31,342390.34
2023-06-01,351915.49
2023-06-02,367190.04
2023-06-05,364701.49
2023-06-06,367104.23
2023-06-07,363328.5
2023-06-08,369592.78
2023-06-09,371223.21
2023-06-12,381263.23
2023-06-13,388900.51
2023-06-14,389930.25
2023-06-15,404003.44
2023-06-16,400056.08
2023-06-20,393791.8
2023-06-21,387403.08
2023-06-22,391104.93
2023-06-23,382323.79
2023-06-26,377416.69
2023-06-27,389383.14
2023-06-28,389985.77
2023-06-29,394204.15
2023-06-30,407892.4
2023-07-03,409700.28
2023-07-05,407289.77
2023-07-06,397475.56
2023-07-07,394031.98
2023-07-10,396959.02
2023-07-11,404620.99
2023-07-12,413832.58
2023-07-13,423388.52
2023-07-14,422355.44
2023-07-17,426659.92
2023-07-18,436215.87
2023-07-19,438712.46
2023-07-20,429845.24
2023-07-21,429673.06
2023-07-24,435268.88
2023-07-25,438626.37
2023-07-26,438454.19
2023-07-27,429586.97
2023-07-28,441897.78
2023-07-31,444394.38
2023-08-01,440175.99
2023-08-02,421925
2023-08-03,417792.7
2023-08-04,411938.61
2023-08-07,422355.44
2023-08-08,416673.53
2023-08-09,408322.84
2023-08-10,408236.75
2023-08-11,407461.95
2023-08-14,413746.49
2023-08-15,399799.98
2023-08-16,390330.12
2023-08-17,381204.63
2023-08-18,381376.81
2023-08-21,388952.69
2023-08-22,385595.2
2023-08-23,397906.01
2023-08-24,381462.9
2023-08-25,389297.05
2023-08-28,396442.48
2023-08-29,413402.13
2023-08-30,418653.59
2023-08-31,416070.91
2023-09-01,418137.06
2023-09-05,412885.59
2023-09-06,404276.63
2023-09-07,400144.33
2023-09-08,401521.77
2023-09-11,409528.1
2023-09-12,402468.75
2023-09-13,404018.37
2023-09-14,413918.67
2023-09-15,398766.9
2023-09-18,399369.53
2023-09-19,396872.93
2023-09-20,385561.46
2023-09-21,366339.41
2023-09-22,363322.5
2023-09-25,368063.36
2023-09-26,351427.24
2023-09-27,352030.63
2023-09-28,357719.66
2023-09-29,354875.15
2023-10-02,354530.36
2023-10-03,340049.17
2023-10-04,347289.76
2023-10-05,346427.79
2023-10-06,358581.64
2023-10-09,365218.85
2023-10-10,370821.68
2023-10-11,375562.55
2023-10-12,368408.15
2023-10-13,362805.32
2023-10-16,374010.99
2023-10-17,373666.2
2023-10-18,358840.23
2023-10-19,349013.71
2023-10-20,335653.1
2023-10-23,334015.35
2023-10-24,341428.33
2023-10-25,326602.36
2023-10-26,314534.71
2023-10-27,310052.44
2023-10-30,321085.72
2023-10-31,326860.95
2023-11-01,337290.85
2023-11-02,356254.31
2023-11-03,365822.23
2023-11-06,368149.56
2023-11-07,371252.67
2023-11-08,372114.65
2023-11-09,362891.51
2023-11-10,379786.23
2023-11-13,378579.46
2023-11-14,400387.43
2023-11-15,402973.36
2023-11-16,404007.73
2023-11-17,405559.28
2023-11-20,414523.82
2023-11-21,411420.71
2023-11-22,416161.57
2023-11-24,416506.36
2023-11-27,414351.43
2023-11-28,415299.6
2023-11-29,414092.83
2023-11-30,418747.5
2023-12-01,425815.7
2023-12-04,419350.88
2023-12-05,418833.7
2023-12-06,413575.65
2023-12-07,422540.19
2023-12-08,427970.63
2023-12-11,432883.89
2023-12-12,438659.12
2023-12-13,456415.81
2023-12-14,460467.09
2023-12-15,458398.35
2023-12-18,465725.14
2023-12-19,473827.71
2023-12-20,453479.74
2023-12-21,466438.78
2023-12-22,469030.58
2023-12-26,474559.77
2023-12-27,477151.58
2023-12-28,477065.18
2023-12-29,472918.29
2024-01-02,464365.33
2024-01-03,453134.17
2024-01-04,448382.52
2024-01-05,450110.39
2024-01-08,468857.79
2024-01-09,466525.17
2024-01-10,474559.77
2024-01-11,473350.26
2024-01-12,474041.41
2024-01-16,468771.4
2024-01-17,460477.62
2024-01-18,472399.93
2024-01-19,490110.61
2024-01-22,492875.2
2024-01-23,496935.7
2024-01-24,498318
2024-01-25,506266.2
2024-01-26,504192.76
2024-01-29,515942.28
2024-01-30,514300.8
2024-01-31,489246.67
2024-02-01,507734.89
2024-02-02,523458.52
2024-02-05,517583.76
2024-02-06,521817.04
2024-02-07,534603.29
2024-02-08,535208.04
2024-02-09,544020.18
2024-02-12,542983.46
2024-02-13,520780.32
2024-02-14,534516.89
2024-02-15,544624.94
2024-02-16,536244.76
2024-02-20,527259.83
2024-02-21,528469.34
2024-02-22,561039.71
2024-02-23,561730.86
2024-02-26,555510.53
2024-02-27,558275.12
2024-02-28,555596.92
2024-02-29,561039.71
2024-03-01,576849.73
2024-03-04,574603.5
2024-03-05,557152
2024-03-06,565791.36
2024-03-07,582206.13
2024-03-08,571406.94
2024-03-11,569506.28
2024-03-12,587735.32
2024-03-13,584625.15
2024-03-14,580564.65
2024-03-15,567951.2
2024-03-18,578145.64
2024-03-19,587821.71
2024-03-20,603655.93
2024-03-21,608762.12
2024-03-22,605906.12
2024-03-25,600799.92
2024-03-26,595780.28
2024-03-27,610925.77
2024-03-28,610579.58
2024-04-01,607463.94
2024-04-02,595174.46
2024-04-03,596905.37
2024-04-04,574143.86
2024-04-05,591972.27
2024-04-08,592491.54
2024-04-09,594568.64
2024-04-10,577086.42
2024-04-11,589375.9
2024-04-12,564277.66
2024-04-15,543247.07
2024-04-16,539785.24
2024-04-17,530178.67
2024-04-18,526024.48
2024-04-19,512004.08
2024-04-22,525764.84
2024-04-23,544631.8
2024-04-24,544199.07
2024-04-25,536842.69
2024-04-26,552334.36
2024-04-29,557700.19
2024-04-30,531390.31
2024-05-01,525332.11
2024-05-02,539785.24
2024-05-03,559863.83
2024-05-06,577172.96
2024-05-07,578903.87
2024-05-08,578644.24
2024-05-09,587991.17
2024-05-10,590500.99
2024-05-13,590154.81
2024-05-14,598117.01
2024-05-15,620013.06
2024-05-16,615858.87
2024-05-17,618282.15
2024-05-20,620099.61
2024-05-21,624340.34
2024-05-22,618628.33
2024-05-23,604261.75
2024-05-24,616291.6
2024-05-28,617416.69
2024-05-29,604088.66
2024-05-30,591712.63
2024-05-31,607290.85
2024-06-03,608762.12
2024-06-04,610319.95
2024-06-05,631956.36
2024-06-06,631696.72
2024-06-07,628667.62
2024-06-10,634379.64
2024-06-11,638706.92
2024-06-12,654285.14
2024-06-13,658352.78
2024-06-14,658439.33
2024-06-17,673931
2024-06-18,678864.1
2024-06-20,672892.45
2024-06-21,668132.44
2024-06-24,662853.16
2024-06-25,670209.54
2024-06-26,672922.72
2024-06-27,675439.78
2024-06-28,666933.85
2024-07-01,670752.84
2024-07-02,683858.91
2024-07-03,692451.63
2024-07-05,704082.17
2024-07-08,706252.05
2024-07-09,707987.96
2024-07-10,728384.81
2024-07-11,709637.06
2024-07-12,722309.15
2024-07-15,728211.22
2024-07-16,740970.11
2024-07-17,709376.68
2024-07-18,692538.42
2024-07-19,677956.84
2024-07-22,699048.06
2024-07-23,695402.66
2024-07-24,647838.92
2024-07-25,637249.92
2024-07-26,658254.34
2024-07-29,658861.91
2024-07-30,648706.87
2024-07-31,678998.38
2024-08-01,651050.34
2024-08-02,614249.2
2024-08-05,560089.04
2024-08-06,575451.78
2024-08-07,563387.25
2024-08-08,602271.47
2024-08-09,609649.06
2024-08-12,610343.42
2024-08-13,640287.75
2024-08-14,646450.2
2024-08-15,679258.76
2024-08-16,682817.36
2024-08-19,702433.07
2024-08-20,698614.08
2024-08-21,706165.26
2024-08-22,688979.82
2024-08-23,710071.04
2024-08-26,704516.15
2024-08-27,707467.18
2024-08-28,694968.68
2024-08-29,694621.5
2024-08-30,713456.05
2024-09-03,669537.71
2024-09-04,664590.39
2024-09-05,659729.86
2024-09-06,625966.55
2024-09-09,646450.2
2024-09-10,654695.74
2024-09-11,674398.24
2024-09-12,691410.08
2024-09-13,701565.11
2024-09-16,704863.33
2024-09-17,705470.9
2024-09-18,698700.88
2024-09-19,734200.09
2024-09-20,729252.76
2024-09-23,734894.45
2024-09-24,741143.7
2024-09-25,735759.36
2024-09-26,744635.47
2024-09-27,740458.48
2024-09-30,750030.74
2024-10-01,729232.82
2024-10-02,729319.84
2024-10-03,725229.87
2024-10-04,744200.36
2024-10-07,724185.62
2024-10-08,744287.38
2024-10-09,759428.97
2024-10-10,755251.98
2024-10-11,767695.93
2024-10-14,786579.41
2024-10-15,768305.07
2024-10-16,777703.3
2024-10-17,777877.34
2024-10-18,785883.24
2024-10-21,782141.35
2024-10-22,780487.96
2024-10-23,758558.77
2024-10-24,763257.88
2024-10-25,761778.53
2024-10-28,768653.16
2024-10-29,771959.94
2024-10-30,764911.27
2024-10-31,719312.46
2024-11-01,728014.53
2024-11-04,723054.35
2024-11-05,749160.54
2024-11-06,804940.76
2024-11-07,823041.05
2024-11-08,833483.52
2024-11-11,835223.93
2024-11-12,827131.02
2024-11-13,828175.26
2024-11-14,811902.41
2024-11-15,779878.82
2024-11-18,789364.07
2024-11-19,797979.11
2024-11-20,798414.21
2024-11-21,810771.14
2024-11-22,817471.73
2024-11-25,825477.62
2024-11-26,838704.76
2024-11-27,830089.72
2024-11-29,844535.14
2024-12-02,849495.32
2024-12-03,849930.42
2024-12-04,865333.07
2024-12-05,861156.08
2024-12-06,865681.15
2024-12-09,851583.81
2024-12-10,843577.91
2024-12-11,863070.53
2024-12-12,849321.27
2024-12-13,848102.99
2024-12-16,858284.4
2024-12-17,847319.8
2024-12-18,772221
2024-12-19,770480.59
2024-12-20,796064.65
2024-12-23,811594.19
2024-12-24,837510.05
2024-12-26,837422.8
2024-12-27,810721.6
2024-12-30,782362.49
2024-12-31,773462.09
2025-01-02,767004.94
2025-01-03,795102.27
2025-01-06,808889.17
2025-01-07,781838.93
2025-01-08,783933.15
2025-01-10,747808
2025-01-13,751385.61
2025-01-14,753567.08
2025-01-15,794665.98
2025-01-16,790128.52
2025-01-17,812379.52
2025-01-21,833583.41
2025-01-22,847981.11
2025-01-23,861855.26
2025-01-24,853740.19
2025-01-27,817353.27
2025-01-28,837771.83
2025-01-29,826253.67
2025-01-30,839429.75
2025-01-31,825206.56
2025-02-03,808103.84
2025-02-04,824421.23
2025-02-05,834019.7
2025-02-06,842658.32
2025-02-07,818836.67
2025-02-10,834630.51
2025-02-11,836375.69
2025-02-12,828609.66
2025-02-13,854438.26
2025-02-14,853478.42
2025-02-18,860022.83
2025-02-19,866392.72
2025-02-20,855310.85
2025-02-21,811070.64
